date,PortfolioValue_copy,PortfolioValue_copy_scaled,PortfolioValue_fund
2021-12-31 00:00:00+00:00,,,1000000.0
2022-01-03 00:00:00+00:00,,,1005751.7698377023
2022-01-04 00:00:00+00:00,,,1006636.0924763519
2022-01-05 00:00:00+00:00,,,991840.165776722
2022-01-06 00:00:00+00:00,,,991815.7263063226
2022-01-07 00:00:00+00:00,,,990736.3801301136
2022-01-10 00:00:00+00:00,,,988372.968289665
2022-01-11 00:00:00+00:00,,,996594.2788078826
2022-01-12 00:00:00+00:00,,,998493.2700472443
2022-01-13 00:00:00+00:00,,,990241.6045251674
2022-01-14 00:00:00+00:00,,,988997.9741773539
2022-01-18 00:00:00+00:00,,,973072.1431645156
2022-01-19 00:00:00+00:00,,,966092.7589176061
2022-01-20 00:00:00+00:00,,,958478.726084221
2022-01-21 00:00:00+00:00,,,945803.2735560864
2022-01-24 00:00:00+00:00,,,948437.4498529456
2022-01-25 00:00:00+00:00,,,940795.7328944773
2022-01-26 00:00:00+00:00,,,937737.1352558987
2022-01-27 00:00:00+00:00,,,933364.1701266327
2022-01-28 00:00:00+00:00,,,948596.2381935538
2022-01-31 00:00:00+00:00,,,962896.1337509515
2022-02-01 00:00:00+00:00,,,970520.9858466125
2022-02-02 00:00:00+00:00,,,974586.5544630317
2022-02-03 00:00:00+00:00,,,957682.9771129497
2022-02-04 00:00:00+00:00,,,960944.2173007305
2022-02-07 00:00:00+00:00,1000000.0,1000000.0,960502.298455049
2022-02-08 00:00:00+00:00,1007969.3417338957,1008066.0529328372,968110.5931851087
2022-02-09 00:00:00+00:00,1021383.69758378,1021643.1974396255,980779.088568735
2022-02-10 00:00:00+00:00,1008656.1447616259,1008761.1905942757,968979.8634671475
2022-02-11 00:00:00+00:00,996394.5402785937,996350.7865604025,957704.07145318
2022-02-14 00:00:00+00:00,993923.40505692,993849.663109084,955353.3671761312
2022-02-15 00:00:00+00:00,1004519.8945147827,1004574.7452706179,965037.7583707854
2022-02-16 00:00:00+00:00,1006167.9550706228,1006242.8057107152,966769.564068901
2022-02-17 00:00:00+00:00,990517.2205829776,990402.1432030208,952056.460534856
2022-02-18 00:00:00+00:00,985449.1020399793,985272.520982926,947239.8536354817
2022-02-22 00:00:00+00:00,976172.4161060646,975883.2586971833,938502.1230696702
2022-02-23 00:00:00+00:00,962444.4525802832,961988.7007579692,925546.1905993102
2022-02-24 00:00:00+00:00,971448.8077837416,971102.3274692257,933570.1025884402
2022-02-25 00:00:00+00:00,989606.1086636415,989479.9745704663,951028.2155320549
2022-02-28 00:00:00+00:00,987340.3620805145,987186.7322322484,948808.7140911722
2022-03-01 00:00:00+00:00,974123.8693663643,973809.8520107146,936068.3011143438
2022-03-02 00:00:00+00:00,987354.8912525693,987201.4377217076,948744.2113139352
2022-03-03 00:00:00+00:00,980971.5832071151,980740.665640339,942732.3001955546
2022-03-04 00:00:00+00:00,971450.0910949484,971103.6263539353,933711.0409533916
2022-03-07 00:00:00+00:00,948542.8467824159,947918.3933271673,912146.3388524373
2022-03-08 00:00:00+00:00,945024.7561650783,944357.6092512042,908874.273965045
2022-03-09 00:00:00+00:00,965597.5143854272,965180.0262488348,928234.4687750784
2022-03-10 00:00:00+00:00,961684.8274337766,961219.857251764,924733.8895704881
2022-03-11 00:00:00+00:00,950671.1454646144,950072.5197783501,914278.5962843312
2022-03-14 00:00:00+00:00,944680.6512845468,944009.3285181784,908627.2777689291
2022-03-15 00:00:00+00:00,958695.8480454917,958194.6053845338,921664.8548089808
2022-03-16 00:00:00+00:00,979196.8675277099,978944.4130653071,941058.2817922918
2022-03-17 00:00:00+00:00,987709.3710429507,987560.2192683285,949063.4538319999
2022-03-18 00:00:00+00:00,997030.8649021736,996994.8332417532,957733.788400937
2022-03-21 00:00:00+00:00,993908.0237567245,993834.0951505629,955047.977770719
2022-03-22 00:00:00+00:00,1002646.287984609,1002678.4017641759,963311.7176567978
2022-03-23 00:00:00+00:00,991921.1469857198,991823.1068229093,953258.4455567771
2022-03-24 00:00:00+00:00,1000855.3675604475,1000865.7477932282,961639.2060404588
2022-03-25 00:00:00+00:00,1004723.2002156681,1004780.5181687626,965674.729956242
2022-03-28 00:00:00+00:00,1006843.4302991155,1006926.4781054712,967242.3591709547
2022-03-29 00:00:00+00:00,1021157.2428884547,1021413.9946245906,980756.8602026043
2022-03-30 00:00:00+00:00,1016528.6216424403,1016729.2031796947,976619.0271872293
2022-03-31 00:00:00+00:00,1004270.2000741002,1004322.0206864763,976619.0271872293
2022-04-01 00:00:00+00:00,1007809.4176051422,1007904.188059823,978139.9366958197
2022-04-04 00:00:00+00:00,1014155.9165440653,1014327.7043412016,980944.1430938917
2022-04-05 00:00:00+00:00,1004278.9986000487,1004330.9259861112,977296.8245025006
2022-04-06 00:00:00+00:00,994252.7589461028,994183.0138414897,972426.9260531187
2022-04-07 00:00:00+00:00,994828.6987362206,994765.9428948967,971964.8956438886
2022-04-08 00:00:00+00:00,991372.4254236448,991267.7263017978,969850.5741192866
2022-04-11 00:00:00+00:00,980818.2251487343,980585.4465196285,966078.8677937549
2022-04-12 00:00:00+00:00,978589.3251471225,978329.4979111586,965254.3645228302
2022-04-13 00:00:00+00:00,988246.8208149152,988104.191211578,969739.1558871038
2022-04-14 00:00:00+00:00,979588.6037298486,979340.9031453748,966260.5090975128
2022-04-18 00:00:00+00:00,978134.2992753003,977868.9501155589,965568.5941050011
2022-04-19 00:00:00+00:00,989616.1112909844,989490.098583755,971062.8174145452
2022-04-20 00:00:00+00:00,990621.0842101553,990507.2672575016,971196.0323224992
2022-04-21 00:00:00+00:00,977896.0439669198,977627.8034822361,965523.5803599975
2022-04-22 00:00:00+00:00,958141.7846964323,957633.8182516829,956911.8628598909
2022-04-25 00:00:00+00:00,963157.7102791463,962710.6141287202,959615.9838983043
2022-04-26 00:00:00+00:00,942071.3195819993,941368.3315155576,950307.7499096557
2022-04-27 00:00:00+00:00,943940.4268057521,943260.121114668,950884.7605127075
2022-04-28 00:00:00+00:00,962101.355093147,961641.439643467,959387.8440893879
2022-04-29 00:00:00+00:00,939221.1189489149,938483.5425400914,949845.6293442828
2022-05-02 00:00:00+00:00,943198.9590214902,942509.6553176733,951854.8044470733
2022-05-03 00:00:00+00:00,947391.7029008975,946753.279847073,953837.9328962329
2022-05-04 00:00:00+00:00,968239.4993521925,967854.0727762977,962644.8505987845
2022-05-05 00:00:00+00:00,938490.7082173041,937744.2679775731,948953.14088174
2022-05-06 00:00:00+00:00,931413.3212987923,930580.9940941003,945085.2218801046
2022-05-09 00:00:00+00:00,909600.9328704072,908503.903472344,935830.192396202
2022-05-10 00:00:00+00:00,910567.5277500734,909482.2283734881,935778.36487136
2022-05-11 00:00:00+00:00,897708.300399877,896466.9490762146,929210.8883609264
2022-05-12 00:00:00+00:00,898945.35399836,897719.0148225835,930339.8783587989
2022-05-13 00:00:00+00:00,915456.4093177895,914430.4385048026,937191.629973707
2022-05-16 00:00:00+00:00,913047.9263301478,911992.7275978241,935964.4694822481
2022-05-17 00:00:00+00:00,927837.9008076553,926962.1844230331,942694.8360272392
2022-05-18 00:00:00+00:00,901326.3162805605,900128.8710491817,931088.2262247778
2022-05-19 00:00:00+00:00,900501.2654575799,899293.8078993438,931241.5323685503
2022-05-20 00:00:00+00:00,901362.4923735763,900165.4861537804,931474.3524224141
2022-05-23 00:00:00+00:00,913111.7706034308,912057.3466472959,936106.6357566491
2022-05-24 00:00:00+00:00,907632.0532904281,906511.1307389392,933358.5814651875
2022-05-25 00:00:00+00:00,907632.0532904281,906511.1307389392,937124.6476175609
2022-05-26 00:00:00+00:00,913037.9056768148,917760.6960252554,942230.8458196367
2022-05-27 00:00:00+00:00,920413.3765092883,933109.0323683213,949154.6574110411
2022-05-31 00:00:00+00:00,917721.4999717943,927507.2440310186,946467.9839414937
2022-06-01 00:00:00+00:00,915171.102498923,922199.8732731023,943988.6519780613
2022-06-02 00:00:00+00:00,922287.1866433964,937008.4265676326,950637.7919817893
2022-06-03 00:00:00+00:00,916658.6941856961,925295.5478501357,945395.0414539677
2022-06-06 00:00:00+00:00,918132.4221383107,928362.3720310843,946733.201419528
2022-06-07 00:00:00+00:00,922063.0955939138,936542.0936545138,950498.5178663208
2022-06-08 00:00:00+00:00,918217.551411032,928539.525834556,946736.0030163776
2022-06-09 00:00:00+00:00,910773.6794934494,913048.8470045717,939670.0051518313
2022-06-10 00:00:00+00:00,900501.4938200217,891672.4543273712,929958.1689907261
2022-06-13 00:00:00+00:00,886608.6931975062,862761.5710027855,916685.3146478746
2022-06-14 00:00:00+00:00,885689.2268281209,860848.1637893327,915705.3959348899
2022-06-15 00:00:00+00:00,893696.463464983,877511.2031901497,923126.6470854788
2022-06-16 00:00:00+00:00,881217.6632637422,851542.8512032797,911373.3090510399
2022-06-17 00:00:00+00:00,883433.9360098704,856154.9092410903,913233.7796150353
2022-06-21 00:00:00+00:00,888759.5090472931,867237.4134031349,918370.975797396
2022-06-22 00:00:00+00:00,888225.1252757227,866125.3621119515,917815.9052625666
2022-06-23 00:00:00+00:00,892255.084341372,874511.6968413956,921405.85076269
2022-06-24 00:00:00+00:00,902159.228492072,895122.1960309332,930808.6554760745
2022-06-27 00:00:00+00:00,901500.0360248326,893750.4181564334,930276.4768467615
2022-06-28 00:00:00+00:00,894887.1791356154,879989.0795206152,924226.4894730517
2022-06-29 00:00:00+00:00,894524.4254132281,879234.1899322262,923827.6669941567
2022-06-30 00:00:00+00:00,893162.7807593835,876400.6108154969,923827.6669941567
2022-07-01 00:00:00+00:00,896394.7732956262,883126.3791943945,926524.7718906654
2022-07-05 00:00:00+00:00,895930.0415696204,882159.2736357059,925411.3541388354
2022-07-06 00:00:00+00:00,895703.8911021051,881688.6550788158,924886.3482426237
2022-07-07 00:00:00+00:00,901401.4107052895,893545.1791133033,930003.9346113157
2022-07-08 00:00:00+00:00,901230.9948288132,893190.5441008729,929706.4338957049
2022-07-11 00:00:00+00:00,898332.724017645,887159.249796617,926950.6854010896
2022-07-12 00:00:00+00:00,895441.6341652474,881142.8990495907,924542.3700987403
2022-07-13 00:00:00+00:00,892849.116611348,875747.876508473,922234.8444665226
2022-07-14 00:00:00+00:00,892055.1390621528,874095.6112157629,920963.9567514105
2022-07-15 00:00:00+00:00,898806.3279705232,888144.8184372217,926752.3184055425
2022-07-18 00:00:00+00:00,897500.4077901725,885427.201810366,925969.6342159209
2022-07-19 00:00:00+00:00,906208.1435653276,903547.9781647628,933709.8612015033
2022-07-20 00:00:00+00:00,908275.5376601268,907850.2201017711,935383.6869735847
2022-07-21 00:00:00+00:00,910910.6597546837,913333.9025853663,937760.9415332515
2022-07-22 00:00:00+00:00,907981.3327550192,907237.9804305773,935224.1710605305
2022-07-25 00:00:00+00:00,908982.2314720768,909320.8481557274,936387.6931386011
2022-07-26 00:00:00+00:00,905343.2310491394,901748.0973832763,933273.2651165
2022-07-27 00:00:00+00:00,913585.070566224,918899.3447906728,940468.133635192
2022-07-28 00:00:00+00:00,917860.4959028707,927796.49421571,944260.8774333647
2022-07-29 00:00:00+00:00,921758.4167646,935908.0577732612,947379.9993836518
2022-08-01 00:00:00+00:00,921758.4167646,935908.0577732612,947344.1320827362
2022-08-02 00:00:00+00:00,919497.4494498293,930453.3519862763,944946.8387866631
2022-08-03 00:00:00+00:00,924531.7675539032,942598.916372111,950454.9093441032
2022-08-04 00:00:00+00:00,924487.4409833518,942491.9761260826,950397.4565778117
2022-08-05 00:00:00+00:00,923481.8246809759,940065.8724720307,949345.3218568044
2022-08-08 00:00:00+00:00,924679.2212340969,942954.6563411986,950614.9467508066
2022-08-09 00:00:00+00:00,920156.6280182044,932043.6558920791,945658.6343424738
2022-08-10 00:00:00+00:00,925611.9928829721,945205.0183335261,951587.4743207817
2022-08-11 00:00:00+00:00,924959.2340770628,943630.2024514752,950852.0184115617
2022-08-12 00:00:00+00:00,928659.0829018117,952556.2876113455,954855.864594921
2022-08-15 00:00:00+00:00,928752.7605030081,952782.2898848056,954979.4879419702
2022-08-16 00:00:00+00:00,929506.0686211181,954599.6864143319,955802.763078227
2022-08-17 00:00:00+00:00,925363.9566916105,944606.6176226609,951312.7408485094
2022-08-18 00:00:00+00:00,926023.7687922441,946198.4499592615,952043.8578625643
2022-08-19 00:00:00+00:00,921360.9006867948,934949.0287612726,946979.78407379
2022-08-22 00:00:00+00:00,916423.261336413,923036.7070914198,941637.3540192686
2022-08-23 00:00:00+00:00,916087.2016288185,922225.9448925096,941259.5998871281
2022-08-24 00:00:00+00:00,916895.580008939,924176.2014040966,942155.7330325933
2022-08-25 00:00:00+00:00,921721.2005962374,935818.2717566256,947374.3013888268
2022-08-26 00:00:00+00:00,914233.8019641303,917754.51807863,939250.7509672577
2022-08-29 00:00:00+00:00,912197.2591714257,912841.2485748053,937036.427817154
2022-08-30 00:00:00+00:00,908701.9765521913,904408.6904366444,933260.1295959213
2022-08-31 00:00:00+00:00,906380.9635282236,898809.1211324823,930757.982040279
2022-09-01 00:00:00+00:00,904524.7429603317,894330.8887372356,928775.323022265
2022-09-02 00:00:00+00:00,902621.7244323945,889739.7537352991,926700.6290433921
2022-09-06 00:00:00+00:00,900683.8263254615,885064.4698647996,924629.4073853808
2022-09-07 00:00:00+00:00,905277.2227827287,896146.286958609,929608.155719151
2022-09-08 00:00:00+00:00,906317.6621288856,898656.4030869638,930754.976410905
2022-09-09 00:00:00+00:00,910468.2834788859,908670.0013152628,935226.1424992904
2022-09-12 00:00:00+00:00,912890.1453368883,914512.8738795054,937837.1450513094
2022-09-13 00:00:00+00:00,901629.2358616923,887345.3214430861,925641.8648975922
2022-09-14 00:00:00+00:00,901120.5538738153,886118.0986677365,925081.7427643202
2022-09-15 00:00:00+00:00,898974.9382940332,880941.6851728469,922767.4102052234
2022-09-16 00:00:00+00:00,896507.4701356341,874988.7849451915,920079.5848847775
2022-09-19 00:00:00+00:00,898298.0956490389,879308.7657279666,922038.5661733875
2022-09-20 00:00:00+00:00,895141.8004612807,871694.0330807401,918653.7576656276
2022-09-21 00:00:00+00:00,892589.8111975659,865537.2211205809,915910.5224233569
2022-09-22 00:00:00+00:00,888781.2349928244,856348.8252828981,911767.0984230131
2022-09-23 00:00:00+00:00,883535.0079228847,843692.0190693425,906153.5995138834
2022-09-26 00:00:00+00:00,879545.2873853006,834066.6027430481,901937.423018951
2022-09-27 00:00:00+00:00,878374.0651371077,831240.9657984861,900703.2023401888
2022-09-28 00:00:00+00:00,885645.6947664323,848784.1651011746,908521.7107569729
2022-09-29 00:00:00+00:00,879901.947206195,834927.0638281369,902297.3871535235
2022-09-30 00:00:00+00:00,877442.7821432239,828994.1952667441,902297.3871535235
2022-10-03 00:00:00+00:00,884531.6078080074,846096.3701296931,910261.3176702247
2022-10-04 00:00:00+00:00,894168.079710129,869344.8791670519,921174.0835141501
2022-10-05 00:00:00+00:00,892392.3167606308,865060.7551225949,919233.3059214316
2022-10-06 00:00:00+00:00,889696.4371802552,858556.8000003685,916012.2009114433
2022-10-07 00:00:00+00:00,883138.5567931628,842735.5593021348,908944.9433446898
2022-10-10 00:00:00+00:00,880750.7201088198,836974.7743074248,906449.1598548355
2022-10-11 00:00:00+00:00,879472.5998045299,833891.2400277706,905116.2247881021
2022-10-12 00:00:00+00:00,878825.9131770402,832331.0736041833,904307.6044884728
2022-10-13 00:00:00+00:00,884221.4436493049,845348.0823413924,910812.6829888565
2022-10-14 00:00:00+00:00,878572.8763840505,831720.6086717517,904666.7131959408
2022-10-17 00:00:00+00:00,885375.1421610441,848131.4423251072,912170.2167134883
2022-10-18 00:00:00+00:00,887957.4163810443,854361.3183783334,914719.9138487463
2022-10-19 00:00:00+00:00,884138.2372786307,845147.3424772356,910552.4443702925
2022-10-20 00:00:00+00:00,881267.603264031,838221.7828420046,907390.4672732424
2022-10-21 00:00:00+00:00,886714.060886125,851361.6560793213,913430.8484156112
2022-10-24 00:00:00+00:00,888571.7824831428,855843.5097884218,915569.7429646997
2022-10-25 00:00:00+00:00,893808.0646466538,868476.3233779831,921410.1902257137
2022-10-26 00:00:00+00:00,894426.0539080173,869967.2558555255,922538.4165717318
2022-10-27 00:00:00+00:00,894361.6374021183,869811.8475551892,922656.2766643917
2022-10-28 00:00:00+00:00,898670.2251466787,880206.5482438938,927748.2847099096
2022-10-31 00:00:00+00:00,897102.5535839053,876424.4559112504,926197.5385298551
2022-11-01 00:00:00+00:00,897542.2653855684,877485.2843865084,927091.7399784703
2022-11-02 00:00:00+00:00,891016.8003616985,861742.2475031645,919822.9209573389
2022-11-03 00:00:00+00:00,887689.1037640994,853713.9996953922,916569.2902073874
2022-11-04 00:00:00+00:00,892030.3131941253,864187.401962544,921911.2069506425
2022-11-07 00:00:00+00:00,892030.3131941253,864187.401962544,924300.4370249554
2022-11-08 00:00:00+00:00,893398.9564436347,867528.9711544438,925812.295790992
2022-11-09 00:00:00+00:00,888293.6142673,855064.1786406442,920209.8698518489
2022-11-10 00:00:00+00:00,904355.7868713576,894280.2863794115,937429.073493053
2022-11-11 00:00:00+00:00,907271.3203584017,901398.6182615522,940530.2420382171
2022-11-14 00:00:00+00:00,905238.2140492958,896434.7495479184,938258.7677532575
2022-11-15 00:00:00+00:00,909494.6017107494,906826.8030530192,942692.357950889
2022-11-16 00:00:00+00:00,906891.608402738,900471.5441147306,939890.7135675703
2022-11-17 00:00:00+00:00,907990.8829385227,903155.4443374767,940852.8749440679
2022-11-18 00:00:00+00:00,907501.035275635,901959.4717130427,940549.9788235384
2022-11-21 00:00:00+00:00,907631.2237093963,902277.3293136661,940601.9278191937
2022-11-22 00:00:00+00:00,911678.0063796404,912157.6281439489,945008.6078154463
2022-11-23 00:00:00+00:00,914200.3269797314,918315.9230921611,947579.2744745984
2022-11-25 00:00:00+00:00,914805.0324053775,919792.3231849085,948274.0733965563
2022-11-28 00:00:00+00:00,910003.1488612266,908068.430841175,943058.422070261
2022-11-29 00:00:00+00:00,911017.2608021421,910544.4049272749,944153.4125552534
2022-11-30 00:00:00+00:00,919155.2871589914,930413.5550265908,952798.8699436198
2022-12-01 00:00:00+00:00,919698.2860141813,931739.2973238545,953349.0151859128
2022-12-02 00:00:00+00:00,919173.436088366,930457.8659916908,952844.1081682513
2022-12-05 00:00:00+00:00,912727.5909242581,914720.2092839545,945922.3454070272
2022-12-06 00:00:00+00:00,909365.7463155505,906512.2000920494,942310.8741284577
2022-12-07 00:00:00+00:00,909743.666610233,907434.8998636351,942614.3227311501
2022-12-08 00:00:00+00:00,911170.4738662465,910918.4776120243,944168.797289404
2022-12-09 00:00:00+00:00,909628.9234951825,907154.7523099371,942467.7048508048
2022-12-12 00:00:00+00:00,912067.0249109779,913107.424476822,945214.844630236
2022-12-13 00:00:00+00:00,916058.8828378575,922853.6234747592,949366.5728063049
2022-12-14 00:00:00+00:00,913949.8553728757,917704.3917780552,947146.7626310595
2022-12-15 00:00:00+00:00,905085.1169212732,896060.9599233747,937741.2275299631
2022-12-16 00:00:00+00:00,903569.2938538773,892360.0483350573,935959.3199155577
2022-12-19 00:00:00+00:00,902413.628736174,889538.4694065419,934625.2005461291
2022-12-20 00:00:00+00:00,903738.7131493399,892773.6888498038,936038.4734030779
2022-12-21 00:00:00+00:00,907147.588356055,901096.5241641736,939857.5723750612
2022-12-22 00:00:00+00:00,903200.9474061453,891460.7232975588,935624.7410190275
2022-12-23 00:00:00+00:00,904890.1457496125,895584.9340044482,937528.8866459592
2022-12-27 00:00:00+00:00,904699.905222238,895120.4580458276,937378.0171815588
2022-12-28 00:00:00+00:00,899931.4415359548,883478.1609370018,932263.0722954348
2022-12-29 00:00:00+00:00,905086.4075822709,896064.1110973774,937815.0128812832
2022-12-30 00:00:00+00:00,904589.9299600964,894851.9512980136,937160.2642293138
2023-01-03 00:00:00+00:00,904844.4378224106,895473.337208557,937160.2642293138
2023-01-04 00:00:00+00:00,909095.6968237939,905852.8689900509,941421.0316585924
2023-01-05 00:00:00+00:00,905907.4908685782,898068.8019578278,938463.9980157849
2023-01-06 00:00:00+00:00,914267.6337869084,918480.2539748424,946564.6390642114
2023-01-09 00:00:00+00:00,916407.8252336502,923705.5731409318,947934.8076685332
2023-01-10 00:00:00+00:00,917563.3226014806,926526.7425048606,949101.1164159618
2023-01-11 00:00:00+00:00,921556.0706334072,936275.1147116335,952951.6995271888
2023-01-12 00:00:00+00:00,923592.5615066043,941247.2469045189,955154.1926702186
2023-01-13 00:00:00+00:00,924099.562561458,942485.0998700499,955679.4103648937
2023-01-17 00:00:00+00:00,924407.4018423408,943236.6954793687,955578.8436969287
2023-01-18 00:00:00+00:00,921631.2725533631,936458.7216661752,952625.781032064
2023-01-19 00:00:00+00:00,919938.4393058559,932325.6362701657,950586.4409642249
2023-01-20 00:00:00+00:00,924040.2553361047,942340.3001224395,955149.1082320878
2023-01-23 00:00:00+00:00,926980.7614427538,949519.6031424885,958090.5220455228
2023-01-24 00:00:00+00:00,925474.3504851415,945841.6714038106,957070.8194014567
2023-01-25 00:00:00+00:00,926465.5280027865,948261.6506481122,957990.5976846439
2023-01-26 00:00:00+00:00,928499.0656023938,953226.5723659184,960453.9476428907
2023-01-27 00:00:00+00:00,928119.0577773697,952298.7758482819,960256.6826394894
2023-01-30 00:00:00+00:00,924920.3730978025,944489.1248061456,956833.5409988975
2023-01-31 00:00:00+00:00,929298.3995148919,955178.1617059469,961611.8148186947
2023-02-01 00:00:00+00:00,933448.0155338375,965309.5301630619,965373.290457036
2023-02-02 00:00:00+00:00,935908.7200437329,971317.388225112,967212.7342564345
2023-02-03 00:00:00+00:00,932235.7713341983,962349.8123023079,963608.7241325637
2023-02-06 00:00:00+00:00,929357.9123163816,955323.4633717044,961027.7647319476
2023-02-07 00:00:00+00:00,932148.4570258633,962136.6327152612,963658.3658690285
2023-02-08 00:00:00+00:00,929070.6926509582,954622.2109557585,961117.1792164873
2023-02-09 00:00:00+00:00,929070.6926509582,954622.2109557585,956832.4031303654
2023-02-10 00:00:00+00:00,930250.4879272175,957709.5088057239,958044.6531156173
2023-02-13 00:00:00+00:00,932945.1695096921,964760.9734312586,960952.7299921268
2023-02-14 00:00:00+00:00,931624.5714651401,961305.2217549671,959569.9237741068
2023-02-15 00:00:00+00:00,932695.7282001806,964108.2333889445,960797.1650173671
2023-02-16 00:00:00+00:00,929943.944643639,956907.3438544335,957816.1930151707
2023-02-17 00:00:00+00:00,929367.2986984673,955398.3720670874,957131.0944086993
2023-02-21 00:00:00+00:00,923508.9404297329,940068.1726237255,950827.0302297507
2023-02-22 00:00:00+00:00,923052.4245793943,938873.5582430897,950337.546911567
2023-02-23 00:00:00+00:00,924589.8448296268,942896.6920261692,951995.3314330619
2023-02-24 00:00:00+00:00,921503.1655026512,934819.4445227556,948657.1473798528
2023-02-27 00:00:00+00:00,922651.7024446216,937824.9453099712,949911.4731032971
2023-02-28 00:00:00+00:00,921399.4414459332,934548.0185696775,948627.2182605765
2023-03-01 00:00:00+00:00,921545.577915112,934930.4296677526,948785.6815187391
2023-03-02 00:00:00+00:00,923120.4004609918,939051.438081506,950466.5015877972
2023-03-03 00:00:00+00:00,927881.0600080439,951509.170604925,955613.9286362019
2023-03-06 00:00:00+00:00,926642.7961507288,948268.8716977284,954255.9374466179
2023-03-07 00:00:00+00:00,921737.644060954,935433.029916322,949014.098420737
2023-03-08 00:00:00+00:00,922003.0390787674,936127.5177519441,949357.9570358052
2023-03-09 00:00:00+00:00,916927.3902923071,922845.5188315022,943828.3731390198
2023-03-10 00:00:00+00:00,911661.7966396557,909066.47064429,938004.3612460744
2023-03-13 00:00:00+00:00,909566.4893835187,903583.4536183198,935676.6553546381
2023-03-14 00:00:00+00:00,913241.1388563361,913199.3061692606,939645.5165883306
2023-03-15 00:00:00+00:00,908995.904730659,902090.3430698671,935027.427453723
2023-03-16 00:00:00+00:00,912156.7071006559,910361.5563535799,938440.0426549462
2023-03-17 00:00:00+00:00,907966.3079005799,899396.0857323463,933905.4764116872
2023-03-20 00:00:00+00:00,910453.1680247149,905903.7214797531,936533.415929115
2023-03-21 00:00:00+00:00,914391.5889676078,916209.8133534248,940877.0786454894
2023-03-22 00:00:00+00:00,909668.332868573,903849.958476212,935779.6885238846
2023-03-23 00:00:00+00:00,909405.3507229171,903161.7846640256,935511.1064676978
2023-03-24 00:00:00+00:00,910931.6325761832,907155.7713995633,937082.1330439441
2023-03-27 00:00:00+00:00,913091.6638970227,912808.1588831184,939410.1948944861
2023-03-28 00:00:00+00:00,913645.9268167459,914258.5585878899,939999.7019517673
2023-03-29 00:00:00+00:00,916605.8866508924,922004.2054944608,943216.740993716
2023-03-30 00:00:00+00:00,918336.2455285076,926532.2226428833,945064.6608973758
2023-03-31 00:00:00+00:00,922026.843183254,936189.8085256746,945064.6608973758
2023-04-03 00:00:00+00:00,923468.4876368451,939962.3154271247,946870.3972324467
2023-04-04 00:00:00+00:00,920876.7731667021,933180.2959764571,944314.4848051064
2023-04-05 00:00:00+00:00,920317.8804475901,931717.780975086,943546.7598311052
2023-04-06 00:00:00+00:00,921067.2615094404,933678.7674170648,943802.6778226228
2023-04-10 00:00:00+00:00,921899.1972671337,935855.783656848,944629.6048722814
2023-04-11 00:00:00+00:00,923862.0874938689,940992.2907260504,946669.4044872448
2023-04-12 00:00:00+00:00,923093.2080801647,938980.2808387605,945990.1803564483
2023-04-13 00:00:00+00:00,926240.2643251899,947215.5231511322,949193.7085700437
2023-04-14 00:00:00+00:00,924903.4134307273,943717.2408853435,947493.7843854032
2023-04-17 00:00:00+00:00,926361.5933600661,947533.017953874,948539.238244544
2023-04-18 00:00:00+00:00,926704.0257754407,948429.097876398,948934.2980009681
2023-04-19 00:00:00+00:00,926250.0446401304,947241.1163586107,948526.9159754508
2023-04-20 00:00:00+00:00,925448.5253747032,945143.6942425425,947289.4124303713
2023-04-21 00:00:00+00:00,925309.1893395607,944779.0785754224,946999.3541035819
2023-04-24 00:00:00+00:00,925379.341338417,944962.6528951358,947557.9537076057
2023-04-25 00:00:00+00:00,920959.3175323515,933396.2987421266,942979.0337827727
2023-04-26 00:00:00+00:00,918341.5778831323,926546.1763917234,940683.867937994
2023-04-27 00:00:00+00:00,922231.9983826422,936726.6603157482,944499.6953940332
2023-04-28 00:00:00+00:00,924946.520918964,943830.0449102697,947224.5344628813
2023-05-01 00:00:00+00:00,924648.7794738628,943050.9126813115,946630.2214516695
2023-05-02 00:00:00+00:00,920985.989095142,933466.093104009,942874.8095968639
2023-05-03 00:00:00+00:00,919863.798398178,930529.5353844585,941950.405523241
2023-05-04 00:00:00+00:00,917508.2513313314,924365.5207106371,939692.6467658113
2023-05-05 00:00:00+00:00,922996.7850661813,938727.9603135401,945068.999615365
2023-05-08 00:00:00+00:00,922610.2463355628,937716.462627475,944518.7430478767
2023-05-09 00:00:00+00:00,921293.4927109536,934270.7710604775,943391.8751232938
2023-05-10 00:00:00+00:00,921395.5046671813,934537.7167751031,943610.5121588443
2023-05-11 00:00:00+00:00,921395.5046671813,934537.7167751031,941735.1213072481
2023-05-12 00:00:00+00:00,920724.0078078145,932947.3478914264,941041.1397446255
2023-05-15 00:00:00+00:00,922681.6848478533,937583.8977208653,942963.9716407829
2023-05-16 00:00:00+00:00,919073.89492689,929039.2310569697,939303.6427647511
2023-05-17 00:00:00+00:00,923086.8078574131,938543.3884757034,943195.8401547697
2023-05-18 00:00:00+00:00,923924.1923839594,940526.6446534724,943995.858177173
2023-05-19 00:00:00+00:00,923785.3312226253,940197.7667636411,943877.9002762237
2023-05-22 00:00:00+00:00,924776.2863236013,942544.7385115043,944811.1533787114
2023-05-23 00:00:00+00:00,922668.2248906414,937552.0192439569,942606.0774630386
2023-05-24 00:00:00+00:00,919556.1830337726,930181.4791366953,939469.777340472
2023-05-25 00:00:00+00:00,918513.3300881333,927711.5928641679,938447.9389082548
2023-05-26 00:00:00+00:00,921409.0497770039,934569.7969269126,941331.7604515532
2023-05-30 00:00:00+00:00,920445.5936679149,932287.9536162404,940405.751759068
2023-05-31 00:00:00+00:00,917725.782393744,925846.3699221736,937681.8279316743
2023-06-01 00:00:00+00:00,921015.3135668848,933637.2745953255,941022.0265472699
2023-06-02 00:00:00+00:00,926915.5066673243,947611.2543447927,946886.9237851164
2023-06-05 00:00:00+00:00,925533.1927427521,944337.3908524368,945561.3863637468
2023-06-06 00:00:00+00:00,928699.3919335116,951836.1968442538,948640.1320315023
2023-06-07 00:00:00+00:00,930093.0015530633,955136.8129886352,949878.1546641324
2023-06-08 00:00:00+00:00,931067.1445111136,957443.966964302,950975.9128563637
2023-06-09 00:00:00+00:00,930481.9374153556,956057.966207012,950384.5731254397
2023-06-12 00:00:00+00:00,931810.3528146327,959204.1767754416,951715.7748603331
2023-06-13 00:00:00+00:00,933807.9160369511,963935.1927848802,953684.0517292558
2023-06-14 00:00:00+00:00,933393.4348251757,962953.5381235348,953268.6725573398
2023-06-15 00:00:00+00:00,937010.4991630454,971520.1702573452,956938.2671120596
2023-06-16 00:00:00+00:00,935645.7318009472,968287.8639317651,955639.8443965362
2023-06-20 00:00:00+00:00,932822.0257919948,961600.216609746,952781.3208104947
2023-06-21 00:00:00+00:00,932415.4518617889,960637.2895036932,952387.9220990329
2023-06-22 00:00:00+00:00,930776.9725162856,956756.7254604116,950799.208951751
2023-06-23 00:00:00+00:00,927650.2825712537,949351.492914466,947663.4959259452
2023-06-26 00:00:00+00:00,928813.4997324597,952106.4490283116,948795.8699339477
2023-06-27 00:00:00+00:00,931852.6439482437,959304.338826853,951792.4139573978
2023-06-28 00:00:00+00:00,931785.8117250955,959146.0538153306,951754.7045876124
2023-06-29 00:00:00+00:00,933410.6823331736,962994.3870115945,953312.8990090404
2023-06-30 00:00:00+00:00,935890.0441696846,968866.4917893902,953312.8990090404
2023-07-03 00:00:00+00:00,937316.407865679,972244.6824797451,954619.6724952436
2023-07-05 00:00:00+00:00,934784.3080024301,966247.6732954128,952016.5530331156
2023-07-06 00:00:00+00:00,930848.0917109952,956925.1637080676,947918.7226354202
2023-07-07 00:00:00+00:00,932738.4445674157,961402.2633699415,949612.6345784515
2023-07-10 00:00:00+00:00,934772.3406354144,966219.3298596157,951844.6153521342
2023-07-11 00:00:00+00:00,938229.6695678167,974407.6456767776,955340.2103471133
2023-07-12 00:00:00+00:00,941726.9304582861,982690.5360890223,958670.040685642
2023-07-13 00:00:00+00:00,944650.6626397133,989615.0847606726,961552.7273707644
2023-07-14 00:00:00+00:00,942701.6713591174,984999.1062285625,959580.2378289041
2023-07-17 00:00:00+00:00,943794.3411460542,987586.9783906398,960722.1829544492
2023-07-18 00:00:00+00:00,946419.4408836906,993804.2478849775,963626.5491439682
2023-07-19 00:00:00+00:00,947121.6240528038,995467.2940291577,964649.8920078293
2023-07-20 00:00:00+00:00,946636.3448538369,994317.9618659957,963776.8532025022
2023-07-21 00:00:00+00:00,946777.4825829342,994652.2315644138,963931.6585338564
2023-07-24 00:00:00+00:00,948162.3890953904,997932.2353253969,965200.4968951192
2023-07-25 00:00:00+00:00,948969.0675789581,999842.7675066007,966141.149997835
2023-07-26 00:00:00+00:00,949674.1426773551,1001512.6628776722,966971.6148435054
2023-07-27 00:00:00+00:00,946406.0037779962,993772.4235294573,963784.2077895625
2023-07-28 00:00:00+00:00,949457.8375721921,1001000.3672446652,966991.9413550448
2023-07-31 00:00:00+00:00,950702.4586087975,1003948.1197783899,967989.5989152143
2023-08-01 00:00:00+00:00,948692.2506418129,999187.1560362425,965804.2795382901
2023-08-02 00:00:00+00:00,944411.7902196642,989049.3408428639,961300.2116951784
2023-08-03 00:00:00+00:00,943838.6797258046,987691.9896004439,960716.019975418
2023-08-04 00:00:00+00:00,943838.6797258046,987691.9896004439,960561.1861405864
2023-08-07 00:00:00+00:00,946094.5320298092,993160.5187534326,962887.7717095667
2023-08-08 00:00:00+00:00,944230.5073481305,988641.8393631395,960950.9034347932
2023-08-09 00:00:00+00:00,943105.0387732692,985913.53232749,959757.7424601582
2023-08-10 00:00:00+00:00,943222.4288845718,986198.1038150787,959881.2124023631
2023-08-11 00:00:00+00:00,942842.2533500132,985276.5004856869,959520.6180788509
2023-08-14 00:00:00+00:00,942367.0573444298,984124.5530796874,958996.7121115429
2023-08-15 00:00:00+00:00,938336.0268148177,974352.721861554,954810.973322257
2023-08-16 00:00:00+00:00,935545.6396487018,967588.3988875089,951895.4003747929
2023-08-17 00:00:00+00:00,933465.0006012116,962544.6133223599,949753.8931697193
2023-08-18 00:00:00+00:00,934242.5546548502,964429.5226326011,950573.4848217061
2023-08-21 00:00:00+00:00,934125.8450817643,964146.6008731754,950429.9373857817
2023-08-22 00:00:00+00:00,933339.8367618572,962241.1971354074,949583.0271963176
2023-08-23 00:00:00+00:00,936429.226944186,969730.3489061287,952756.4992337823
2023-08-24 00:00:00+00:00,933341.0393490877,962244.1123897962,949582.5464400465
2023-08-25 00:00:00+00:00,934700.3246164846,965539.2266571581,950967.3605680482
2023-08-28 00:00:00+00:00,937000.511465382,971115.2294912917,953348.3728121974
2023-08-29 00:00:00+00:00,941163.8218062636,981207.7270948067,957642.9419049531
2023-08-30 00:00:00+00:00,941976.6289694502,983178.0953054178,958492.5938735581
2023-08-31 00:00:00+00:00,941310.9413117319,981564.3671563916,957816.5023616087
2023-09-01 00:00:00+00:00,943032.6547352895,985738.0624081165,959646.8800592498
2023-09-05 00:00:00+00:00,939505.101201968,977186.7360196594,955985.7397147561
2023-09-06 00:00:00+00:00,937992.7789516414,973520.6368251581,954411.4016866708
2023-09-07 00:00:00+00:00,937262.7938055103,971751.0417830626,953652.0809888924
2023-09-08 00:00:00+00:00,937456.4373015747,972220.4630752435,953864.4094489256
2023-09-11 00:00:00+00:00,938483.7434899786,974710.8095533174,954894.121539904
2023-09-12 00:00:00+00:00,938173.4582757656,973958.6309924013,954597.8931539502
2023-09-13 00:00:00+00:00,937660.061291842,972714.0786036396,954061.3203460327
2023-09-14 00:00:00+00:00,940858.5237286855,980467.638111754,957364.1164342812
2023-09-15 00:00:00+00:00,938933.3322772572,975800.6811666872,955385.4698609054
2023-09-18 00:00:00+00:00,938534.586616557,974834.0610265759,954977.8380532493
2023-09-19 00:00:00+00:00,937657.248352614,972707.2596110366,954043.7723210603
2023-09-20 00:00:00+00:00,936135.5885547369,969018.5247808131,952473.7917945641
2023-09-21 00:00:00+00:00,931309.8823018572,957320.27872065,947480.7326078303
2023-09-22 00:00:00+00:00,930987.0862903618,956537.7720839357,947153.1050114289
2023-09-25 00:00:00+00:00,931595.5488864456,958012.7779782843,947825.0351352853
2023-09-26 00:00:00+00:00,927295.9660440492,947589.9351008519,943371.1898274503
2023-09-27 00:00:00+00:00,927570.4647749395,948255.3617822296,943689.8908267033
2023-09-28 00:00:00+00:00,929977.468362177,954090.3046394327,946174.9027917671
2023-09-29 00:00:00+00:00,928690.9134125488,950971.49972633,944842.2864253554
2023-10-02 00:00:00+00:00,925311.363944358,942778.9577066413,944842.2864253554
2023-10-03 00:00:00+00:00,921282.0622660306,933011.3174870209,941872.704726882
2023-10-04 00:00:00+00:00,922140.5321305243,935092.3790319687,942423.4507880212
2023-10-05 00:00:00+00:00,922394.8065970043,935708.7790198306,942733.134101147
2023-10-06 00:00:00+00:00,924903.1512325074,941789.3879943812,944877.2319471416
2023-10-09 00:00:00+00:00,927391.2918069756,947821.0192514713,946730.1750645266
2023-10-10 00:00:00+00:00,929655.6719036547,953310.2210711803,948121.8422299145
2023-10-11 00:00:00+00:00,930298.2150438208,954867.8433888356,948723.4374276972
2023-10-12 00:00:00+00:00,926546.778263113,945773.7899508172,946173.754529345
2023-10-13 00:00:00+00:00,925710.1494696036,943745.6744844747,945955.7170817464
2023-10-16 00:00:00+00:00,928703.7940666908,951002.72439142,947929.2311289541
2023-10-17 00:00:00+00:00,929630.8870444486,953250.1388021061,948400.4954180357
2023-10-18 00:00:00+00:00,924500.262221637,940812.7237431566,945250.8497454125
2023-10-19 00:00:00+00:00,921362.5364586597,933206.3991719672,942847.8440062535
2023-10-20 00:00:00+00:00,918158.3482197141,925438.9594485284,940650.5307636837
2023-10-23 00:00:00+00:00,916678.4027276447,921851.3464413075,939515.2579824489
2023-10-24 00:00:00+00:00,918565.2354782986,926425.3160604389,940838.339350442
2023-10-25 00:00:00+00:00,915061.1833147373,917930.9605673902,938186.7050882056
2023-10-26 00:00:00+00:00,914233.0798152066,915923.5117105496,937433.9151651527
2023-10-27 00:00:00+00:00,912012.3680739285,910540.1686273143,935577.7967469771
2023-10-30 00:00:00+00:00,914491.2478010646,916549.3501816796,937353.3755394828
2023-10-31 00:00:00+00:00,916408.9227883433,921198.0860742172,938693.1084851893
2023-11-01 00:00:00+00:00,918848.4322152452,927111.8280316681,940624.9831446938
2023-11-02 00:00:00+00:00,925146.6115512487,942379.5728430388,945324.3461080565
2023-11-03 00:00:00+00:00,925146.6115512487,942379.5728430388,948914.5609839511
2023-11-06 00:00:00+00:00,923895.53470097,938314.7439331283,947622.4990963782
2023-11-07 00:00:00+00:00,923910.0352347058,938361.85709706,947628.9178929275
2023-11-08 00:00:00+00:00,923257.5708885975,936241.958598294,946952.1647625087
2023-11-09 00:00:00+00:00,921059.6611407811,929100.8088900979,944697.229103721
2023-11-10 00:00:00+00:00,923045.9028393421,935554.2355333791,946742.787587119
2023-11-13 00:00:00+00:00,923191.8531394756,936028.4374173484,946897.336939434
2023-11-14 00:00:00+00:00,929310.7138715014,955909.0082981172,953236.5266977994
2023-11-15 00:00:00+00:00,929339.7058368268,956003.205052524,953268.5554773394
2023-11-16 00:00:00+00:00,928936.8930285344,954694.4404086377,952865.7210160581
2023-11-17 00:00:00+00:00,930085.2094321396,958425.3940379526,954051.1812475488
2023-11-20 00:00:00+00:00,931525.0378280843,963103.4888231305,955528.3135577783
2023-11-21 00:00:00+00:00,931071.8266331279,961630.976589255,955060.4979001282
2023-11-22 00:00:00+00:00,931834.489127555,964108.9159381939,955847.5593505746
2023-11-24 00:00:00+00:00,932536.525388567,966389.8767672039,956576.7843221792
2023-11-27 00:00:00+00:00,932063.6969528793,964853.6268602674,956096.5791330249
2023-11-28 00:00:00+00:00,932305.7333123577,965640.0185124173,956356.9598991394
2023-11-29 00:00:00+00:00,933305.8155544135,968889.349845573,957382.3722977787
2023-11-30 00:00:00+00:00,934426.365665185,972530.0890090009,958541.2251916965
2023-12-01 00:00:00+00:00,937321.5553369474,981936.7459020866,961549.87144024
2023-12-04 00:00:00+00:00,936863.2750204582,980447.7637673013,961051.2307612515
2023-12-05 00:00:00+00:00,935678.1292226022,976597.1490744385,959832.1444057703
2023-12-06 00:00:00+00:00,935212.835174675,975085.3788764667,959351.4012587566
2023-12-07 00:00:00+00:00,936149.6008658479,978128.9906757285,960317.3098803048
2023-12-08 00:00:00+00:00,936832.4596374421,980347.6426118938,961013.8635487568
2023-12-11 00:00:00+00:00,937532.6218571252,982622.514560456,961737.4576683128
2023-12-12 00:00:00+00:00,937781.9575593597,983432.6222452795,961998.4769010191
2023-12-13 00:00:00+00:00,942908.2960950109,1000088.4248660873,967307.2147206464
2023-12-14 00:00:00+00:00,946285.2177019755,1011060.2597069548,970765.294105541
2023-12-15 00:00:00+00:00,945015.6824631909,1006935.4583091731,969434.4744310072
2023-12-18 00:00:00+00:00,945819.200965636,1009546.1414479901,970261.9166830902
2023-12-19 00:00:00+00:00,947892.0044843736,1016280.8129956666,972399.380705169
2023-12-20 00:00:00+00:00,944747.789491661,1006065.056866453,969150.9942165636
2023-12-21 00:00:00+00:00,947584.4689058803,1015281.6101809018,972080.3557101393
2023-12-22 00:00:00+00:00,948522.8336866044,1018330.4175246551,973043.1943411677
2023-12-26 00:00:00+00:00,949890.5446132123,1022774.1980275378,974454.858667443
2023-12-27 00:00:00+00:00,950721.780099794,1025474.9354251225,975316.0715100998
2023-12-28 00:00:00+00:00,950535.7596749983,1024870.5431366914,975122.8612228179
2023-12-29 00:00:00+00:00,949541.2975153932,1021639.471811797,974095.8195078499
2024-01-02 00:00:00+00:00,948798.4451611646,1019225.8968786576,974095.8195078499
2024-01-03 00:00:00+00:00,946260.8822820521,1010981.1923671525,970436.0785742521
2024-01-04 00:00:00+00:00,945839.6971341015,1009612.7348136194,970210.8716541736
2024-01-05 00:00:00+00:00,946225.3541944721,1010865.7593324217,970479.1954059955
2024-01-08 00:00:00+00:00,948571.7540384033,1018489.3628845906,973761.742654056
2024-01-09 00:00:00+00:00,947101.7071811648,1013713.0863809573,972372.5693494517
2024-01-10 00:00:00+00:00,947691.6767384,1015629.9353032939,973270.1609764853
2024-01-11 00:00:00+00:00,947517.4747114981,1015063.9417474556,972883.9131229592
2024-01-12 00:00:00+00:00,947809.2623086504,1016011.9783610291,973006.1370506181
2024-01-16 00:00:00+00:00,945440.0187280844,1008314.1540437145,970419.2481696169
2024-01-17 00:00:00+00:00,943839.0388607063,1003112.4677942618,968243.420805119
2024-01-18 00:00:00+00:00,944987.1639920766,1006842.7999678206,970198.9953462251
2024-01-19 00:00:00+00:00,947083.3242149987,1013653.3589451048,972631.732631559
2024-01-22 00:00:00+00:00,948487.3392468102,1018215.0938137374,974742.7652452791
2024-01-23 00:00:00+00:00,948504.8194704108,1018271.8881811084,974548.5021151797
2024-01-24 00:00:00+00:00,947809.3838464415,1016012.3732451055,973407.1106864427
2024-01-25 00:00:00+00:00,949748.8775222497,1022313.9125648183,975391.8223587562
2024-01-26 00:00:00+00:00,950118.1338537963,1023513.6500640006,975681.2993294193
2024-01-29 00:00:00+00:00,951851.1471239444,1029144.3213054894,978114.4211838823
2024-01-30 00:00:00+00:00,951581.4354409606,1028268.010752633,977835.371394181
2024-01-31 00:00:00+00:00,948803.568732175,1019242.5436894118,974042.9947090519
2024-02-01 00:00:00+00:00,951692.5320313579,1028628.9706987297,977690.610059947
2024-02-02 00:00:00+00:00,951299.8595350093,1027353.1525785809,977425.9076631581
2024-02-05 00:00:00+00:00,949234.2808230805,1020641.9548915053,974730.2459228855
2024-02-06 00:00:00+00:00,951345.159148729,1027500.3339283236,976328.3189408359
2024-02-07 00:00:00+00:00,951966.1936480287,1029518.1148394183,977401.0702667263
2024-02-08 00:00:00+00:00,952441.1097955126,1031061.147855852,978488.0566347351
2024-02-09 00:00:00+00:00,952441.1097955126,1031061.147855852,979735.1114147495
2024-02-12 00:00:00+00:00,954020.2815262654,1035462.5930674815,981255.076786014
2024-02-13 00:00:00+00:00,948443.5018385192,1019919.0712484558,975538.2171152564
2024-02-14 00:00:00+00:00,951937.752990955,1029658.1988579584,979219.8015805915
2024-02-15 00:00:00+00:00,955287.278584876,1038993.9494286496,982604.6292892483
2024-02-16 00:00:00+00:00,953777.7848174665,1034786.7096553146,981013.1273177232
2024-02-20 00:00:00+00:00,952438.7164574715,1031054.4771777642,979516.3680815734
2024-02-21 00:00:00+00:00,952425.8067575756,1031018.495443996,979357.4977297084
2024-02-22 00:00:00+00:00,955806.6284547313,1040441.4740729425,983018.6267956885
2024-02-23 00:00:00+00:00,956906.2362524524,1043506.2854431681,984130.4868645441
2024-02-26 00:00:00+00:00,956264.3918543793,1041717.3457746732,983533.6845670264
2024-02-27 00:00:00+00:00,957720.2954518844,1045775.2197810537,984955.0736019216
2024-02-28 00:00:00+00:00,956896.9463462632,1043480.3927474489,984131.7446499303
2024-02-29 00:00:00+00:00,957548.8125807,1045297.2651371399,984833.2088086555
2024-03-01 00:00:00+00:00,959885.3764538243,1051809.7030631455,987240.9656091135
2024-03-04 00:00:00+00:00,960119.4246659292,1052462.0389442898,987476.6983282515
2024-03-05 00:00:00+00:00,958382.4908660665,1047620.8815150855,985571.5139275223
2024-03-06 00:00:00+00:00,960404.14276627,1053255.601224443,987773.8401956899
2024-03-07 00:00:00+00:00,963125.5381850171,1060840.6362155937,990573.3635513379
2024-03-08 00:00:00+00:00,962783.1267797202,1059886.2719682467,990099.6005727162
2024-03-11 00:00:00+00:00,962327.9841393146,1058617.704809774,989556.6222346544
2024-03-12 00:00:00+00:00,963396.5613117795,1061596.028058228,990796.9015331657
2024-03-13 00:00:00+00:00,963765.5465104803,1062624.458408364,991147.9586417248
2024-03-14 00:00:00+00:00,961001.3970562221,1054920.259971457,988345.4211530198
2024-03-15 00:00:00+00:00,960043.0205041278,1052249.0863403645,987236.8860972469
2024-03-18 00:00:00+00:00,960322.3353110766,1053027.5886372593,987576.0894649785
2024-03-19 00:00:00+00:00,961805.3894154704,1057161.1361541338,989127.0109897895
2024-03-20 00:00:00+00:00,965197.8380839122,1066616.5213137295,992679.8757963902
2024-03-21 00:00:00+00:00,966886.6210013841,1071323.4732815472,994446.7753166587
2024-03-22 00:00:00+00:00,965167.6038193803,1066532.252797355,992675.5864362926
2024-03-25 00:00:00+00:00,964636.9199042044,1065053.1380615397,992108.1589129478
2024-03-26 00:00:00+00:00,964494.4871192959,1064656.1514090393,992021.1593561795
2024-03-27 00:00:00+00:00,968476.4360538055,1075754.5834094633,996046.5828857883
2024-03-28 00:00:00+00:00,969638.6289393503,1078993.83105521,997201.8899107976
2024-04-01 00:00:00+00:00,968116.8202981293,1074752.2674389938,997201.8899107976
2024-04-02 00:00:00+00:00,965947.9666439696,1068707.2690737583,993252.2150222377
2024-04-03 00:00:00+00:00,966898.3590053502,1071356.1892809186,994765.4526866442
2024-04-04 00:00:00+00:00,963897.9191196685,1062993.4054807548,990112.563942357
2024-04-05 00:00:00+00:00,966240.1911490835,1069521.7530995968,993809.7479837041
2024-04-08 00:00:00+00:00,967220.0800118917,1072252.8855401962,995085.9224581077
2024-04-09 00:00:00+00:00,968324.8351474241,1075332.0434978902,996511.7298446088
2024-04-10 00:00:00+00:00,963164.97640134,1060950.557856799,989054.7748014021
2024-04-11 00:00:00+00:00,964701.439920029,1065232.9673411392,991451.8574982086
2024-04-12 00:00:00+00:00,959829.4344283915,1051653.7822375789,984195.0405781125
2024-04-15 00:00:00+00:00,957611.1408512165,1045470.9856150786,980176.817146975
2024-04-16 00:00:00+00:00,956306.8008711791,1041835.5475891356,978413.283215984
2024-04-17 00:00:00+00:00,954759.5661328149,1037523.1167129865,976102.3878694951
2024-04-18 00:00:00+00:00,954648.4727073554,1037213.4786818527,975443.5076687818
2024-04-19 00:00:00+00:00,955131.251443893,1038559.0727783206,974902.9958176607
2024-04-22 00:00:00+00:00,956769.0775831382,1043123.998731388,977971.4237528577
2024-04-23 00:00:00+00:00,959964.8494789666,1052031.2091597617,983162.4701245143
2024-04-24 00:00:00+00:00,959467.0365356291,1050643.7119337977,982458.4215396233
2024-04-25 00:00:00+00:00,958428.0456910371,1047747.8512817858,980443.2259500087
2024-04-26 00:00:00+00:00,959844.5369286747,1051695.87571371,983405.6342478539
2024-04-29 00:00:00+00:00,960957.9549390024,1054799.178714051,985195.661332672
2024-04-30 00:00:00+00:00,956122.2795490462,1041321.2523583323,977240.519720583
2024-05-01 00:00:00+00:00,956231.094466588,1041624.5397642815,977387.7397787536
2024-05-02 00:00:00+00:00,958964.3273668003,1049242.568017088,981942.0214932538
2024-05-03 00:00:00+00:00,961352.9985575827,1055900.2387251472,986321.2209231068
2024-05-06 00:00:00+00:00,964232.8337942081,1063926.8749456962,991028.9660281631
2024-05-07 00:00:00+00:00,964604.1804408233,1064961.8870902082,991884.8122991333
2024-05-08 00:00:00+00:00,964376.5313494593,1064327.3867482864,991454.6103786742
2024-05-09 00:00:00+00:00,966906.6065435768,1071379.1767033304,995125.9058063035
2024-05-10 00:00:00+00:00,966441.0252307117,1070081.5150239652,995163.6157326793
2024-05-13 00:00:00+00:00,966441.0252307117,1070081.5150239652,994372.8264162685
2024-05-14 00:00:00+00:00,969310.0108185253,1075690.4736633874,997333.8827411039
2024-05-15 00:00:00+00:00,974580.9323708031,1085995.2939817403,1002718.3137382725
2024-05-16 00:00:00+00:00,972596.0265251292,1082114.7395311287,1000712.8469424569
2024-05-17 00:00:00+00:00,973620.986489564,1084118.5690630707,1001841.5905442012
2024-05-20 00:00:00+00:00,973445.5732364536,1083775.6305395446,1001652.1651875812
2024-05-21 00:00:00+00:00,973737.980023605,1084347.2951662284,1002015.3762198363
2024-05-22 00:00:00+00:00,970746.2628325106,1078498.3923146513,998910.8279113411
2024-05-23 00:00:00+00:00,965562.16236188,1068363.3099894263,993621.977003667
2024-05-24 00:00:00+00:00,968877.4575953468,1074844.818269208,997024.2633207578
2024-05-28 00:00:00+00:00,967682.159897928,1072507.973018017,995802.7404124495
2024-05-29 00:00:00+00:00,962204.8534863434,1061799.663694849,990229.6187052699
2024-05-30 00:00:00+00:00,963110.4258312911,1063570.0866099696,991134.240777071
2024-05-31 00:00:00+00:00,967377.1637727553,1071911.6958326087,995447.7381770815
2024-06-03 00:00:00+00:00,967092.2628608795,1071354.7054322972,995184.555472842
2024-06-04 00:00:00+00:00,965551.8606025308,1068343.1697202148,993606.6110539347
2024-06-05 00:00:00+00:00,970488.0899832535,1077993.656132129,998671.4028120056
2024-06-06 00:00:00+00:00,969858.842481167,1076763.4571279394,998051.3784614685
2024-06-07 00:00:00+00:00,966477.6512750891,1070153.120112855,994568.1287708709
2024-06-10 00:00:00+00:00,969198.2782943344,1075472.033002853,997351.6503706434
2024-06-11 00:00:00+00:00,968561.2350695756,1074226.5931113549,996688.3004797604
2024-06-12 00:00:00+00:00,972231.7651574126,1081402.5968999001,1000434.4790926019
2024-06-13 00:00:00+00:00,970560.27071211,1078134.7717670207,998708.3022490385
2024-06-14 00:00:00+00:00,969095.3161056498,1075270.738628908,997271.9234493198
2024-06-17 00:00:00+00:00,971985.763166873,1080921.6551356707,1000220.4476754968
2024-06-18 00:00:00+00:00,972991.7760975368,1082888.4426102347,1001314.4142747561
2024-06-20 00:00:00+00:00,972968.362446013,1082842.6681722063,1001263.616802874
2024-06-21 00:00:00+00:00,971739.0161315486,1080439.256785043,999981.7694151923
2024-06-24 00:00:00+00:00,973478.5934189572,1083840.1860530735,1001772.2971646219
2024-06-25 00:00:00+00:00,972610.9301054633,1082143.8765076362,1000936.5500045808
2024-06-26 00:00:00+00:00,971831.6892993556,1080620.4357938962,1000074.0233255749
2024-06-27 00:00:00+00:00,973589.2794571567,1084056.5808000043,1001812.7143111203
2024-06-28 00:00:00+00:00,973129.0284904332,1083156.7754307925,1001287.9233370736
2024-07-01 00:00:00+00:00,972365.5349895414,1081664.121202706,1001287.9233370736
2024-07-02 00:00:00+00:00,974636.6549859715,1086104.233477668,1001793.1142169044
2024-07-03 00:00:00+00:00,976588.5091537638,1089920.1708402787,1002159.4001736906
2024-07-05 00:00:00+00:00,977645.142552142,1091985.9229492159,1001501.3563182806
2024-07-08 00:00:00+00:00,977453.2538576263,1091610.774410484,1001641.9358247637
2024-07-09 00:00:00+00:00,976791.7125785301,1090317.4400387525,1001522.2692455403
2024-07-10 00:00:00+00:00,981378.2637321122,1099284.2943259643,1003465.409000815
2024-07-11 00:00:00+00:00,984509.1254452378,1105405.2291711108,1005371.6443966153
2024-07-12 00:00:00+00:00,988322.1885654117,1112859.8895993147,1007276.4579450595
2024-07-15 00:00:00+00:00,990813.765875548,1117731.0029777985,1009441.147434066
2024-07-16 00:00:00+00:00,997851.967092946,1131490.9115991588,1013380.6526110801
2024-07-17 00:00:00+00:00,993537.1412501454,1123055.288990465,1011807.6139414986
2024-07-18 00:00:00+00:00,989798.394076545,1115745.9186161226,1009149.8635312334
2024-07-19 00:00:00+00:00,986238.4172602786,1108786.0500114993,1008892.5315635841
2024-07-22 00:00:00+00:00,990508.80936719,1117134.8032445312,1011112.6311151362
2024-07-23 00:00:00+00:00,990014.5295860461,1116168.470454114,1010025.482352264
2024-07-24 00:00:00+00:00,981648.050515402,1099811.7361211977,1006739.3284714522
2024-07-25 00:00:00+00:00,982066.71404292,1100630.2367158532,1006766.2004548864
2024-07-26 00:00:00+00:00,987924.4159185061,1112082.2313448205,1010351.2996174812
2024-07-29 00:00:00+00:00,987464.1469524505,1111182.3907863386,1009803.8651954217
2024-07-30 00:00:00+00:00,987932.0338760457,1112097.124695606,1009965.8025624638
2024-07-31 00:00:00+00:00,993449.8989690513,1122884.7275389382,1011976.4616388442
2024-08-01 00:00:00+00:00,985631.5275526593,1107599.5612110025,1007878.9345445358
2024-08-02 00:00:00+00:00,976906.6616981366,1090542.1692462643,1003899.3364178699
2024-08-05 00:00:00+00:00,964543.0050968973,1066370.8249206147,996452.0076998505
2024-08-06 00:00:00+00:00,968667.7733617859,1074434.8788821378,998780.0014483248
2024-08-07 00:00:00+00:00,965217.35802405,1067689.2064743037,997024.0438575798
2024-08-08 00:00:00+00:00,974744.5424096138,1086315.156843576,1002056.0154739048
2024-08-09 00:00:00+00:00,975604.7603485539,1087996.9104434887,1002481.0626390474
2024-08-12 00:00:00+00:00,974611.6598418829,1086055.367171063,1001207.0386955198
2024-08-13 00:00:00+00:00,974611.659841883,1086055.367171063,1004393.6006015544
2024-08-14 00:00:00+00:00,974478.9357051731,1085480.1538050757,1004299.4396838837
2024-08-15 00:00:00+00:00,977011.1612354912,1096454.570417164,1006921.3307246809
2024-08-16 00:00:00+00:00,978420.7168487678,1102563.4459311327,1008324.6399655549
2024-08-19 00:00:00+00:00,980014.6193401001,1109471.262699226,1009972.663344248
2024-08-20 00:00:00+00:00,979273.7737387693,1106260.510664349,1009197.0932886929
2024-08-21 00:00:00+00:00,981416.3372768059,1115546.1704931278,1011349.5947168292
2024-08-22 00:00:00+00:00,979711.5689952001,1108157.8722845297,1009667.1743261446
2024-08-23 00:00:00+00:00,984133.0028917987,1127319.93230767,1014160.8130688621
2024-08-26 00:00:00+00:00,983809.9415154005,1125919.8160489006,1013839.7439821371
2024-08-27 00:00:00+00:00,983399.5964404815,1124141.4208179216,1013463.9413100702
2024-08-28 00:00:00+00:00,981595.6817785229,1116323.431939774,1011666.227917183
2024-08-29 00:00:00+00:00,982350.7021069706,1119595.6158490563,1012459.8375715679
2024-08-30 00:00:00+00:00,983600.6470502607,1125012.7544038976,1013784.9676655909
2024-09-03 00:00:00+00:00,979481.1364426734,1107159.2002459858,1009600.6608718535
2024-09-04 00:00:00+00:00,979020.6743926245,1105163.602969681,1009151.249685439
2024-09-05 00:00:00+00:00,977730.3761539906,1099571.5771982507,1007865.8678320358
2024-09-06 00:00:00+00:00,974420.682868564,1085227.6917355915,1004496.1825993259
2024-09-09 00:00:00+00:00,976949.2033346863,1096186.0509635448,1007025.8419307563
2024-09-10 00:00:00+00:00,977465.0170605248,1098421.536963432,1007491.1632412905
2024-09-11 00:00:00+00:00,978150.4404459903,1101392.09456097,1008173.7032880557
2024-09-12 00:00:00+00:00,980069.5478516594,1109709.3174706185,1010175.3504218293
2024-09-13 00:00:00+00:00,982517.7331980198,1120319.512183881,1012718.2431996696
2024-09-16 00:00:00+00:00,983258.0570336016,1123528.0029372748,1013540.9846870641
2024-09-17 00:00:00+00:00,983536.4155064705,1124734.3812050056,1013795.8622873225
2024-09-18 00:00:00+00:00,982903.5738097237,1121991.707479286,1013162.6561296609
2024-09-19 00:00:00+00:00,986901.7599549958,1139319.4533398151,1017270.309771676
2024-09-20 00:00:00+00:00,985559.1558045836,1133500.7388867256,1015866.3790539273
2024-09-23 00:00:00+00:00,986077.491009577,1135747.1527294912,1016359.6128454764
2024-09-24 00:00:00+00:00,986971.2990186149,1139620.8288080874,1017254.5065960201
2024-09-25 00:00:00+00:00,984989.4498765178,1131031.6893782543,1015197.6004814028
2024-09-26 00:00:00+00:00,987392.3013786536,1141445.4116655067,1017609.7492689666
2024-09-27 00:00:00+00:00,987777.1685332679,1143113.3880935442,1018020.5472712182
2024-09-30 00:00:00+00:00,987450.884588802,1141699.305541444,1018020.5472712182
2024-10-01 00:00:00+00:00,985646.917015159,1133881.0873492565,1016212.7251987264
2024-10-02 00:00:00+00:00,985122.4385790492,1131608.0493465145,1015815.5764723546
2024-10-03 00:00:00+00:00,984330.3434681568,1128175.1869733748,1014885.0961565461
2024-10-04 00:00:00+00:00,986507.0435235689,1137608.7911139384,1017056.7372575876
2024-10-07 00:00:00+00:00,985305.361160802,1132400.8178404253,1015340.1375721954
2024-10-08 00:00:00+00:00,985490.7703639781,1133204.363107231,1015622.198452471
2024-10-09 00:00:00+00:00,986242.4960273486,1136462.268261828,1016712.8343486349
2024-10-10 00:00:00+00:00,985320.0168292209,1132464.3340671728,1015834.4188153677
2024-10-11 00:00:00+00:00,988399.230115217,1145809.3418610694,1019231.1953995154
2024-10-14 00:00:00+00:00,990000.31252276,1152748.2756804656,1021090.8526112447
2024-10-15 00:00:00+00:00,988829.852069996,1147675.6150967958,1019982.6243800721
2024-10-16 00:00:00+00:00,990649.4981970619,1155561.7825988224,1022111.5065958736
2024-10-17 00:00:00+00:00,990263.5562536266,1153889.1481416507,1021843.0607897731
2024-10-18 00:00:00+00:00,991535.5078663472,1159401.661439256,1023163.1530981673
2024-10-21 00:00:00+00:00,989463.6903519232,1150422.6079247554,1020689.9957594493
2024-10-22 00:00:00+00:00,988868.6571999913,1147843.7927169,1020345.5429951905
2024-10-23 00:00:00+00:00,987194.7988720068,1140589.4552098424,1018282.5416072254
2024-10-24 00:00:00+00:00,988018.875168512,1144160.9208987053,1019161.9161574522
2024-10-25 00:00:00+00:00,986840.9026955501,1139055.7039576888,1017933.2169519537
2024-10-28 00:00:00+00:00,989246.5331878649,1149481.4701152905,1020074.0445356048
2024-10-29 00:00:00+00:00,989042.2535682574,1148596.1423180266,1020395.8748902287
2024-10-30 00:00:00+00:00,987881.982328911,1143567.6407840368,1019550.1218653807
2024-10-31 00:00:00+00:00,984652.6567469485,1129572.0610506316,1015513.7807334011
2024-11-01 00:00:00+00:00,984657.7916178303,1129594.3150764408,1015652.1507858438
2024-11-04 00:00:00+00:00,984253.2772824228,1127841.1896975308,1015518.3269733937
2024-11-05 00:00:00+00:00,987415.3258930867,1141545.1976484903,1019051.0645504659
2024-11-06 00:00:00+00:00,994236.6333060254,1171108.0736610838,1025809.1711978717
2024-11-07 00:00:00+00:00,995453.7281711989,1176382.843205473,1027425.933920051
2024-11-08 00:00:00+00:00,995453.7281711989,1176382.843205473,1028151.0617956419
2024-11-11 00:00:00+00:00,997866.8932778105,1184428.156742716,1031123.9101059237
2024-11-12 00:00:00+00:00,995874.154143404,1177784.5122236111,1029139.8188142607
2024-11-13 00:00:00+00:00,995152.464351586,1175378.4519685977,1028321.8638623266
2024-11-14 00:00:00+00:00,992824.750567334,1167618.0268041694,1025757.9916597488
2024-11-15 00:00:00+00:00,991470.7112243711,1163103.760032264,1024439.3670470607
2024-11-18 00:00:00+00:00,992617.4458813836,1166926.8883521669,1025602.4247816127
2024-11-19 00:00:00+00:00,993203.5687687858,1168880.9785996948,1026265.2622742149
2024-11-20 00:00:00+00:00,994167.9017647961,1172095.9933062955,1027377.9852900124
2024-11-21 00:00:00+00:00,997306.9183662251,1182561.241907775,1030819.9453172114
2024-11-22 00:00:00+00:00,999684.8441386987,1190489.070117881,1033391.3691237696
2024-11-25 00:00:00+00:00,1000590.2283894514,1193507.5540786476,1034227.6788132318
2024-11-26 00:00:00+00:00,999801.9006709387,1190879.3279170152,1033280.0870041737
2024-11-27 00:00:00+00:00,1001033.2074408998,1194984.4133907468,1034730.3465847459
2024-11-29 00:00:00+00:00,1002471.2197670455,1199778.639862265,1036255.5746964379
2024-12-02 00:00:00+00:00,1001754.0052506331,1197387.4998436274,1035456.9950059522
2024-12-03 00:00:00+00:00,1001287.4238441167,1195831.952029768,1034951.0200861089
2024-12-04 00:00:00+00:00,1002404.8188038005,1199557.2639742177,1036260.9619701373
2024-12-05 00:00:00+00:00,1001179.6246436577,1195472.557488391,1034915.9768920313
2024-12-06 00:00:00+00:00,1001774.7217962677,1197456.5672707092,1035665.3984408563
2024-12-09 00:00:00+00:00,999987.7449492877,1191498.9189612935,1033509.7995407683
2024-12-10 00:00:00+00:00,999016.865430452,1188262.078632996,1032506.2988670093
2024-12-11 00:00:00+00:00,1000888.2612630887,1194501.1735812034,1034673.072132408
2024-12-12 00:00:00+00:00,998812.4318691668,1187580.5122977425,1032445.2163789716
2024-12-13 00:00:00+00:00,998208.3073268915,1185566.4058676306,1031851.1072754927
2024-12-16 00:00:00+00:00,998778.3603766118,1187466.9204678521,1032636.6825525297
2024-12-17 00:00:00+00:00,997348.3845621287,1182699.4871303367,1031135.3361757617
2024-12-18 00:00:00+00:00,988509.4762605401,1153231.2222286165,1021589.0446851812
2024-12-19 00:00:00+00:00,987114.850398083,1148581.6430100733,1020020.3252390039
2024-12-20 00:00:00+00:00,989596.6829892747,1156855.8888494396,1022654.3165496262
2024-12-23 00:00:00+00:00,989732.9182769511,1157310.087197157,1022667.0771833217
2024-12-24 00:00:00+00:00,992818.3490648556,1167596.6846695566,1026116.0725345989
2024-12-26 00:00:00+00:00,992986.4924483009,1168157.2622426888,1026186.2282750965
2024-12-27 00:00:00+00:00,990638.9241907864,1160330.6437365464,1023638.0074393583
2024-12-30 00:00:00+00:00,988483.053639736,1153143.1311700055,1021333.8083378752
2024-12-31 00:00:00+00:00,988414.9690823072,1152916.1423037825,1021333.8083378752
2025-01-02 00:00:00+00:00,988802.1382248091,1154206.9355175742,1021951.065438376
2025-01-03 00:00:00+00:00,991365.1667732387,1162751.8826579603,1023951.5559794212
2025-01-06 00:00:00+00:00,992303.672813158,1165880.7922079368,1025261.4307634884
2025-01-07 00:00:00+00:00,989989.4657901768,1158165.397584103,1022817.0939695806
2025-01-08 00:00:00+00:00,990014.5214057041,1158248.9311484806,1022389.1928524217
2025-01-10 00:00:00+00:00,986666.2289059279,1147085.9722190262,1019711.7014547748
2025-01-13 00:00:00+00:00,987216.3319779397,1148919.9750727927,1019892.9150352702
2025-01-14 00:00:00+00:00,989179.1024735303,1155463.70637216,1021491.5378567353
2025-01-15 00:00:00+00:00,993145.6875690583,1168688.0069715022,1025250.9294862157
2025-01-16 00:00:00+00:00,994388.105127587,1172830.13499049,1025764.5558279192
2025-01-17 00:00:00+00:00,996412.3702815282,1179578.8849211736,1027881.3984052762
2025-01-21 00:00:00+00:00,999811.7118560035,1190912.0376805542,1030459.3530468742
2025-01-22 00:00:00+00:00,999320.0790186396,1189272.9702537304,1030042.0180097427
2025-01-23 00:00:00+00:00,1000358.149590239,1192733.8205699478,1030797.8299735077
2025-01-24 00:00:00+00:00,1000743.8310362874,1194019.6539140707,1031093.6878090358
2025-01-27 00:00:00+00:00,999205.9476215455,1188892.4646382835,1029126.433392236
2025-01-28 00:00:00+00:00,999663.1116527534,1190416.6156211318,1029660.7189562358
2025-01-29 00:00:00+00:00,999162.2839646819,1188746.8932438155,1029720.4275823655
2025-01-30 00:00:00+00:00,1001668.9141865432,1197103.8125451724,1031528.9210939922
2025-01-31 00:00:00+00:00,999454.3360969448,1189720.5733980816,1029578.7186792041
2025-02-03 00:00:00+00:00,997996.6323513832,1184860.6971942843,1028163.3309407345
2025-02-04 00:00:00+00:00,999461.5260680061,1189744.5442284874,1029396.6660434173
2025-02-05 00:00:00+00:00,1001075.5580647741,1195125.6072305853,1030431.411817204
2025-02-06 00:00:00+00:00,1001001.2792493145,1194877.967167371,1030651.6205914852
2025-02-07 00:00:00+00:00,999296.6287110741,1189194.7886670693,1028809.0682004518
2025-02-10 00:00:00+00:00,999296.6287110741,1189194.7886670693,1030281.517772693
2025-02-11 00:00:00+00:00,999000.9265741457,1187774.793721041,1029955.7765580416
2025-02-12 00:00:00+00:00,998433.1948063069,1185048.4818674808,1029382.584820258
2025-02-13 00:00:00+00:00,1000260.2402424611,1193822.1597057688,1031328.0918180919
2025-02-14 00:00:00+00:00,1000478.7953954007,1194871.686150949,1031551.4810252107
2025-02-18 00:00:00+00:00,1000662.2646606335,1195752.7262140624,1031763.6044696111
2025-02-19 00:00:00+00:00,1000862.8355533426,1196715.8902172907,1031965.3916987708
2025-02-20 00:00:00+00:00,1000706.7328812472,1195966.267614832,1031805.9965186184
2025-02-21 00:00:00+00:00,997294.4805714968,1179580.2479372257,1028163.3574499374
2025-02-24 00:00:00+00:00,996493.7308940606,1175734.9578530751,1027291.9732634492
2025-02-25 00:00:00+00:00,995372.1898659283,1170349.1915943183,1026081.0951677453
2025-02-26 00:00:00+00:00,994862.2220418418,1167900.2687006188,1025561.680971456
2025-02-27 00:00:00+00:00,992428.4591373703,1156213.0652868089,1022954.2870180074
2025-02-28 00:00:00+00:00,994558.019762493,1166439.4551139036,1025204.8419272603
2025-03-03 00:00:00+00:00,992620.2047424782,1157133.849265594,1023148.2608577933
2025-03-04 00:00:00+00:00,990754.1133687376,1148172.6684399715,1021184.6230612947
2025-03-05 00:00:00+00:00,993397.430084284,1160866.1728421282,1024039.258556983
2025-03-06 00:00:00+00:00,990827.1672899949,1148523.4815928636,1021289.8670050832
2025-03-07 00:00:00+00:00,991537.9271825231,1151936.6306005556,1022043.6943489691
2025-03-10 00:00:00+00:00,986293.0127887111,1126749.9613091964,1016426.714067958
2025-03-11 00:00:00+00:00,985887.2035387745,1124801.219612748,1016027.2213848876
2025-03-12 00:00:00+00:00,986331.325503695,1126933.943279063,1016514.2639420308
2025-03-13 00:00:00+00:00,984154.113248355,1116478.7249599535,1014211.9153216826
2025-03-14 00:00:00+00:00,988162.0359558958,1135725.2209369438,1018493.3448550302
2025-03-17 00:00:00+00:00,989899.3972689066,1144068.2255209708,1020366.3319980626
2025-03-18 00:00:00+00:00,988464.0886139255,1137175.7118001203,1018846.6497473228
2025-03-19 00:00:00+00:00,990722.2078494865,1148019.4545452136,1021250.2591717173
2025-03-20 00:00:00+00:00,989831.4735623065,1143742.048236324,1020280.9208947325
2025-03-21 00:00:00+00:00,989267.0141424126,1141031.450565934,1019664.615081222
2025-03-24 00:00:00+00:00,992307.8719152199,1155633.9918726366,1022902.2728331861
2025-03-25 00:00:00+00:00,992448.7678151132,1156310.589843293,1023060.7721292693
2025-03-26 00:00:00+00:00,990663.9734240556,1147739.8062793748,1021151.0248710166
2025-03-27 00:00:00+00:00,990419.9814644179,1146568.1294252407,1020913.579165123
2025-03-28 00:00:00+00:00,987200.8373771964,1131109.4371686536,1017473.0630303711
2025-03-31 00:00:00+00:00,987561.5072408781,1132841.4144513765,1017473.0630303711
2025-04-01 00:00:00+00:00,988438.5599934363,1137053.1204910073,1018607.6473621246
2025-04-02 00:00:00+00:00,989955.4641419124,1144337.4649560824,1020746.7619231353
2025-04-03 00:00:00+00:00,981569.9904479412,1104069.4764011842,1008196.8400974869
2025-04-04 00:00:00+00:00,972381.1501099148,1059943.6307938606,992731.3350622279
2025-04-07 00:00:00+00:00,969267.2510791561,1044990.3371448857,987474.3185772774
2025-04-08 00:00:00+00:00,966693.1772977253,1032629.345106399,983639.8156056041
2025-04-09 00:00:00+00:00,980243.7957592683,1097700.9402285118,1004972.8921760424
2025-04-10 00:00:00+00:00,974357.0825212776,1069432.2806459514,996742.064985227
2025-04-11 00:00:00+00:00,977815.7824621256,1086041.3470762747,1002559.6569079934
2025-04-14 00:00:00+00:00,979865.741683034,1095885.4820003274,1005727.5340826944
2025-04-15 00:00:00+00:00,979831.0033358765,1095718.6645470979,1005882.6504917836
2025-04-16 00:00:00+00:00,978053.1116568249,1087181.0285832086,1003879.2781083544
2025-04-17 00:00:00+00:00,978868.7550124906,1091097.8397866627,1005300.363064766
2025-04-21 00:00:00+00:00,976427.6700951857,1079375.4752430548,1002167.0515579109
2025-04-22 00:00:00+00:00,980601.4014552897,1099418.2030332242,1008190.2402633611
2025-04-23 00:00:00+00:00,982760.2520675655,1109785.2466755356,1010650.7426173652
2025-04-24 00:00:00+00:00,985896.1009196459,1124843.945837189,1015664.1675660867
2025-04-25 00:00:00+00:00,986782.8182579108,1129102.0623052367,1016424.2857386393
2025-04-28 00:00:00+00:00,987349.6308637877,1131823.9602395939,1017813.7676861945
2025-04-29 00:00:00+00:00,988267.5990554494,1136232.1468232772,1019054.9347647763
2025-04-30 00:00:00+00:00,987785.7782284557,1133918.3889778682,1018425.5029377074
2025-05-01 00:00:00+00:00,988567.3664420844,1137671.6635559846,1018503.6404858219
2025-05-02 00:00:00+00:00,991236.8337296215,1150490.7459483729,1022846.3053576224
2025-05-05 00:00:00+00:00,990274.2386114063,1145868.2558401325,1022239.4824536323
2025-05-06 00:00:00+00:00,989652.6844494618,1142883.48279178,1021828.6194334868
2025-05-07 00:00:00+00:00,990150.4782830328,1145273.9448127095,1022257.3876572707
2025-05-08 00:00:00+00:00,991903.8582554137,1153693.8728021067,1023951.6385042593
2025-05-09 00:00:00+00:00,992387.9975890139,1156018.764377213,1024966.5841707175
2025-05-12 00:00:00+00:00,996332.8978807852,1174962.619619818,1030204.9519710437
2025-05-13 00:00:00+00:00,996332.8978807852,1174962.619619818,1031863.0295319734
2025-05-14 00:00:00+00:00,994465.8750070109,1169139.6807550702,1029877.756433249
2025-05-15 00:00:00+00:00,997068.5080578274,1177256.8674029442,1032587.4649695972
2025-05-16 00:00:00+00:00,998556.9098854625,1181898.9491740037,1034181.5311553593
2025-05-19 00:00:00+00:00,999554.8966878622,1185011.5067220812,1035301.8359875354
2025-05-20 00:00:00+00:00,999999.6587187903,1186398.6467254704,1035843.5302708645
2025-05-21 00:00:00+00:00,995940.7577978787,1173739.5988624098,1031639.1854024427
2025-05-22 00:00:00+00:00,995842.20146874,1173432.217797416,1031653.6822821277
2025-05-23 00:00:00+00:00,995512.4186104686,1172403.6790208805,1031198.3170634061
2025-05-27 00:00:00+00:00,999843.5159991861,1185911.6631307849,1035850.8453948175
2025-05-28 00:00:00+00:00,997293.2194171768,1177957.7053659314,1033035.4214568851
2025-05-29 00:00:00+00:00,998346.4017938158,1181242.4088790712,1034067.8959250338
2025-05-30 00:00:00+00:00,998023.1791040613,1180234.330194778,1033671.4143126481
2025-06-02 00:00:00+00:00,999869.5045067668,1185992.7170337413,1035645.68627738
2025-06-03 00:00:00+00:00,1001015.1076592931,1189565.6658251712,1036923.0111729916
2025-06-04 00:00:00+00:00,1001185.499756213,1190097.0908962495,1037061.4003693063
2025-06-05 00:00:00+00:00,999997.8613582908,1186393.0410521526,1035667.6909432529
2025-06-06 00:00:00+00:00,1002010.3607378838,1192669.6973359745,1037913.3400815642
2025-06-09 00:00:00+00:00,1003232.5865615573,1196481.619701863,1039383.7338119836
2025-06-10 00:00:00+00:00,1004782.871577473,1201316.7050119662,1041044.6044831297
2025-06-11 00:00:00+00:00,1004634.1146937854,1200852.756631049,1040861.5479168193
2025-06-12 00:00:00+00:00,1005887.5334715159,1204761.964716913,1042079.672476297
2025-06-13 00:00:00+00:00,1002784.9986527658,1195085.6662477825,1038710.544007824
2025-06-16 00:00:00+00:00,1004758.6093553152,1201241.0351107924,1041000.873427008
2025-06-17 00:00:00+00:00,1001966.9707177891,1192534.3709626875,1037861.6421317004
2025-06-18 00:00:00+00:00,1001830.4018091662,1192108.4348818243,1037694.1556287203
2025-06-20 00:00:00+00:00,1001173.5709428731,1190059.886879211,1036941.6577068624
2025-06-23 00:00:00+00:00,1003433.4398523268,1197108.048252559,1039362.8698147278
2025-06-24 00:00:00+00:00,1006173.833397322,1205654.8873416802,1042396.582894655
2025-06-25 00:00:00+00:00,1005547.2142194265,1203700.5646520026,1041836.1701403963
2025-06-26 00:00:00+00:00,1008130.7198339406,1211758.0959556429,1044576.6818576315
2025-06-27 00:00:00+00:00,1008538.6735710746,1213030.4369131883,1044992.4031599624
2025-06-30 00:00:00+00:00,1010299.1248236918,1218520.9963285828,1044992.4031599624
2025-07-01 00:00:00+00:00,1011568.345462963,1222479.4878351234,1045685.1900843611
2025-07-02 00:00:00+00:00,1013660.2803518409,1229003.8904753246,1048276.0213551166
2025-07-03 00:00:00+00:00,1014827.8065510977,1232645.2136625017,1049592.0500528512
2025-07-07 00:00:00+00:00,1012046.4559981759,1223970.6363669613,1046257.2759405044
2025-07-08 00:00:00+00:00,1012393.14092858,1225051.889940996,1046741.205082703
2025-07-09 00:00:00+00:00,1014375.7336496458,1231235.2722501385,1049350.2739782948
2025-07-10 00:00:00+00:00,1015795.4382110327,1235663.0984878787,1050718.7849458838
2025-07-11 00:00:00+00:00,1014954.6404718606,1233040.7879090484,1049707.00501482
2025-07-14 00:00:00+00:00,1015620.1253054158,1235116.3262196076,1050607.6876217283
2025-07-15 00:00:00+00:00,1012057.3858811939,1224004.724883769,1046851.8749939422
2025-07-16 00:00:00+00:00,1013937.0470769849,1229867.0806070298,1049294.3846674003
2025-07-17 00:00:00+00:00,1015418.685357424,1234488.067981023,1051111.7869214104
2025-07-18 00:00:00+00:00,1014900.9543910191,1232873.349806913,1050589.8816258376
2025-07-21 00:00:00+00:00,1015714.8161866284,1235411.6515849766,1051356.1934825191
2025-07-22 00:00:00+00:00,1018174.1451217933,1243081.8961432667,1053593.1793530998
2025-07-23 00:00:00+00:00,1020686.8972108695,1250918.7587776168,1056627.8373179801
2025-07-24 00:00:00+00:00,1019301.624064923,1246598.3184910354,1055264.1046246844
2025-07-25 00:00:00+00:00,1019507.7181942478,1247241.0923596898,1055680.6668371018
2025-07-28 00:00:00+00:00,1018129.8982983975,1242943.8975406727,1054000.3431614174
2025-07-29 00:00:00+00:00,1017823.4608190518,1241988.169181282,1053527.3221139181
2025-07-30 00:00:00+00:00,1015590.3313190952,1235023.4036511062,1051322.1043166453
2025-07-31 00:00:00+00:00,1013877.5679819258,1229681.5750413917,1049361.354018513
2025-08-01 00:00:00+00:00,1011235.6051485261,1221441.7252367006,1046028.0889551844
2025-08-04 00:00:00+00:00,1015440.1065045348,1234554.8770339766,1051233.183895193
2025-08-05 00:00:00+00:00,1015080.898433895,1233434.5658345576,1050865.8142179707
2025-08-06 00:00:00+00:00,1016173.0402959075,1236840.7776081047,1052536.9955680752
2025-08-07 00:00:00+00:00,1016868.9317763649,1239011.149275277,1053493.3140049374
2025-08-08 00:00:00+00:00,1018078.1556334866,1242782.520634847,1054764.4401922133
2025-08-11 00:00:00+00:00,1017352.2362894579,1240518.4969742948,1053875.8675477598
2025-08-12 00:00:00+00:00,1021042.2001761727,1252026.890592436,1058024.7510845952
2025-08-13 00:00:00+00:00,1021042.2001761727,1252026.890592436,1060970.0083209146
2025-08-14 00:00:00+00:00,1019067.9863012207,1246482.479519666,1058787.6063609936
2025-08-15 00:00:00+00:00,1018816.787096259,1245777.0080045823,1058470.9662904548
2025-08-18 00:00:00+00:00,1018784.4142481273,1245686.0916251992,1058422.2097606128
2025-08-19 00:00:00+00:00,1017121.0940681959,1241014.7989450186,1056493.2519292454
2025-08-20 00:00:00+00:00,1017467.3152834966,1241987.1316613955,1056837.9752166672
2025-08-21 00:00:00+00:00,1016007.1240830775,1237886.3093732516,1055252.819935991
2025-08-22 00:00:00+00:00,1022631.17091938,1256489.3792289128,1062431.301408925
2025-08-25 00:00:00+00:00,1019293.1975459992,1247114.966067909,1058790.9654968206
2025-08-26 00:00:00+00:00,1020391.3597484371,1250199.0608319791,1059985.7823477467
2025-08-27 00:00:00+00:00,1020970.8722866552,1251826.5723060258,1060586.515845078
2025-08-28 00:00:00+00:00,1022010.0730772575,1254745.0789801758,1061698.3515383296
2025-08-29 00:00:00+00:00,1020429.5838808954,1250306.4100437027,1059917.0267854924
2025-08-30 00:00:00+00:00,1020429.5838808954,1250306.4100437027,1059917.0267854924
