date,PortfolioValue_etf
2020-01-06 00:00:00+00:00,999999.9999999999
2020-01-07 00:00:00+00:00,999849.2063848507
2020-01-08 00:00:00+00:00,999849.2063848507
2020-01-09 00:00:00+00:00,1005740.9500589167
2020-01-10 00:00:00+00:00,1005740.9500589167
2020-01-13 00:00:00+00:00,1005740.9500589167
2020-01-14 00:00:00+00:00,1005740.9500589166
2020-01-15 00:00:00+00:00,1005740.9500589166
2020-01-16 00:00:00+00:00,1005740.9500589164
2020-01-17 00:00:00+00:00,1005740.9500589165
2020-01-21 00:00:00+00:00,1005740.9500589162
2020-01-22 00:00:00+00:00,1005740.9500589161
2020-01-23 00:00:00+00:00,1005740.9500589162
2020-01-24 00:00:00+00:00,1005740.9500589161
2020-01-27 00:00:00+00:00,1005740.950058916
2020-01-28 00:00:00+00:00,1005740.950058916
2020-01-29 00:00:00+00:00,1005740.9500589161
2020-01-30 00:00:00+00:00,1005740.9500589164
2020-01-31 00:00:00+00:00,1005740.9500589166
2020-02-03 00:00:00+00:00,1005740.9500589165
2020-02-04 00:00:00+00:00,1005740.9500589167
2020-02-05 00:00:00+00:00,1005740.9500589166
2020-02-06 00:00:00+00:00,1005740.9500589167
2020-02-07 00:00:00+00:00,1005740.9500589168
2020-02-10 00:00:00+00:00,1005740.9500589167
2020-02-11 00:00:00+00:00,1005740.9500589167
2020-02-12 00:00:00+00:00,1005740.9500589168
2020-02-13 00:00:00+00:00,1005740.950058917
2020-02-14 00:00:00+00:00,1005740.9500589168
2020-02-18 00:00:00+00:00,1005740.9500589168
2020-02-19 00:00:00+00:00,1012782.828313841
2020-02-20 00:00:00+00:00,1012782.828313841
2020-02-21 00:00:00+00:00,1012782.828313841
2020-02-24 00:00:00+00:00,982806.9744634838
2020-02-25 00:00:00+00:00,957780.7324537344
2020-02-26 00:00:00+00:00,954400.6147020715
2020-02-27 00:00:00+00:00,921943.1123589172
2020-02-28 00:00:00+00:00,919026.8971325824
2020-03-02 00:00:00+00:00,948857.4357005137
2020-03-03 00:00:00+00:00,928182.6057069387
2020-03-04 00:00:00+00:00,958504.9835119802
2020-03-05 00:00:00+00:00,930947.5890461239
2020-03-06 00:00:00+00:00,915000.7829457715
2020-03-09 00:00:00+00:00,856136.4209901012
2020-03-10 00:00:00+00:00,892736.081935333
2020-03-11 00:00:00+00:00,855161.520678017
2020-03-12 00:00:00+00:00,787246.1758555201
2020-03-13 00:00:00+00:00,840820.1124576206
2020-03-16 00:00:00+00:00,755170.0209780337
2020-03-17 00:00:00+00:00,787783.6872171523
2020-03-18 00:00:00+00:00,750088.3617585625
2020-03-19 00:00:00+00:00,761772.4870146902
2020-03-20 00:00:00+00:00,740565.0914833058
2020-03-23 00:00:00+00:00,731202.0123309817
2020-03-24 00:00:00+00:00,787732.3370067542
2020-03-25 00:00:00+00:00,799255.2373286056
2020-03-26 00:00:00+00:00,836739.2007627033
2020-03-27 00:00:00+00:00,811475.4834481236
2020-03-30 00:00:00+00:00,830817.1527932698
2020-03-31 00:00:00+00:00,818803.4936315854
2020-04-01 00:00:00+00:00,787175.6517942091
2020-04-02 00:00:00+00:00,796060.1770199665
2020-04-03 00:00:00+00:00,785982.0554385155
2020-04-06 00:00:00+00:00,833933.6714414909
2020-04-07 00:00:00+00:00,831067.9294430733
2020-04-08 00:00:00+00:00,831067.9294430732
2020-04-09 00:00:00+00:00,831067.9294430732
2020-04-13 00:00:00+00:00,831067.9294430732
2020-04-14 00:00:00+00:00,831067.9294430732
2020-04-15 00:00:00+00:00,831067.9294430732
2020-04-16 00:00:00+00:00,831067.9294430733
2020-04-17 00:00:00+00:00,831067.9294430733
2020-04-20 00:00:00+00:00,831067.9294430733
2020-04-21 00:00:00+00:00,831067.9294430732
2020-04-22 00:00:00+00:00,831067.929443073
2020-04-23 00:00:00+00:00,831067.9294430729
2020-04-24 00:00:00+00:00,831067.9294430729
2020-04-27 00:00:00+00:00,831067.9294430728
2020-04-28 00:00:00+00:00,831067.9294430728
2020-04-29 00:00:00+00:00,831067.9294430726
2020-04-30 00:00:00+00:00,831067.9294430726
2020-05-01 00:00:00+00:00,831067.9294430726
2020-05-04 00:00:00+00:00,831067.9294430728
2020-05-05 00:00:00+00:00,831067.929443073
2020-05-06 00:00:00+00:00,831067.929443073
2020-05-07 00:00:00+00:00,831067.929443073
2020-05-08 00:00:00+00:00,831067.9294430731
2020-05-11 00:00:00+00:00,831067.9294430732
2020-05-12 00:00:00+00:00,831067.9294430732
2020-05-13 00:00:00+00:00,831067.9294430732
2020-05-14 00:00:00+00:00,831067.9294430732
2020-05-15 00:00:00+00:00,831067.9294430732
2020-05-18 00:00:00+00:00,831067.9294430733
2020-05-19 00:00:00+00:00,831067.9294430732
2020-05-20 00:00:00+00:00,840809.675379035
2020-05-21 00:00:00+00:00,840809.6753790348
2020-05-22 00:00:00+00:00,840809.6753790348
2020-05-26 00:00:00+00:00,840809.6753790347
2020-05-27 00:00:00+00:00,840809.6753790346
2020-05-28 00:00:00+00:00,841222.4134427052
2020-05-29 00:00:00+00:00,848004.4366705675
2020-06-01 00:00:00+00:00,852938.8281997364
2020-06-02 00:00:00+00:00,859333.7711272059
2020-06-03 00:00:00+00:00,867942.7993495195
2020-06-04 00:00:00+00:00,860774.0199502842
2020-06-05 00:00:00+00:00,875594.5618364505
2020-06-08 00:00:00+00:00,882616.113516873
2020-06-09 00:00:00+00:00,882616.113516873
2020-06-10 00:00:00+00:00,882352.043467974
2020-06-11 00:00:00+00:00,840623.8883606964
2020-06-12 00:00:00+00:00,851764.0399426282
2020-06-15 00:00:00+00:00,859871.4633320408
2020-06-16 00:00:00+00:00,871601.3677231367
2020-06-17 00:00:00+00:00,871772.9185999914
2020-06-18 00:00:00+00:00,873664.2299420884
2020-06-19 00:00:00+00:00,871004.2122273894
2020-06-22 00:00:00+00:00,877336.2137506267
2020-06-23 00:00:00+00:00,880731.2037780912
2020-06-24 00:00:00+00:00,860135.2084801466
2020-06-25 00:00:00+00:00,868266.8342088806
2020-06-26 00:00:00+00:00,850300.7139933531
2020-06-29 00:00:00+00:00,859441.0602376119
2020-06-30 00:00:00+00:00,870455.7294524872
2020-07-01 00:00:00+00:00,878952.7859119957
2020-07-02 00:00:00+00:00,881792.6459637377
2020-07-06 00:00:00+00:00,881792.6459637377
2020-07-07 00:00:00+00:00,881792.6459637377
2020-07-08 00:00:00+00:00,881792.6459637374
2020-07-09 00:00:00+00:00,881792.6459637374
2020-07-10 00:00:00+00:00,881792.6459637374
2020-07-13 00:00:00+00:00,881792.6459637373
2020-07-14 00:00:00+00:00,881792.645963737
2020-07-15 00:00:00+00:00,881792.6459637369
2020-07-16 00:00:00+00:00,881792.645963737
2020-07-17 00:00:00+00:00,881792.6459637369
2020-07-20 00:00:00+00:00,881792.6459637367
2020-07-21 00:00:00+00:00,881792.6459637366
2020-07-22 00:00:00+00:00,881792.6459637365
2020-07-23 00:00:00+00:00,881792.6459637363
2020-07-24 00:00:00+00:00,881792.6459637365
2020-07-27 00:00:00+00:00,881792.6459637363
2020-07-28 00:00:00+00:00,881792.6459637363
2020-07-29 00:00:00+00:00,881792.6459637365
2020-07-30 00:00:00+00:00,881792.6459637367
2020-07-31 00:00:00+00:00,881792.6459637368
2020-08-03 00:00:00+00:00,881792.6459637367
2020-08-04 00:00:00+00:00,881792.6459637368
2020-08-05 00:00:00+00:00,881792.6459637368
2020-08-06 00:00:00+00:00,881792.6459637368
2020-08-07 00:00:00+00:00,881792.6459637367
2020-08-10 00:00:00+00:00,881792.6459637367
2020-08-11 00:00:00+00:00,881792.6459637367
2020-08-12 00:00:00+00:00,881792.6459637368
2020-08-13 00:00:00+00:00,881792.645963737
2020-08-14 00:00:00+00:00,881792.6459637372
2020-08-17 00:00:00+00:00,881792.645963737
2020-08-18 00:00:00+00:00,881792.645963737
2020-08-19 00:00:00+00:00,878571.4446447635
2020-08-20 00:00:00+00:00,884445.8232872796
2020-08-21 00:00:00+00:00,884931.9075164238
2020-08-24 00:00:00+00:00,889411.31509917
2020-08-25 00:00:00+00:00,894858.1385818158
2020-08-26 00:00:00+00:00,907770.539612794
2020-08-27 00:00:00+00:00,906488.5863661828
2020-08-28 00:00:00+00:00,913415.5641730896
2020-08-31 00:00:00+00:00,912071.3747430088
2020-09-01 00:00:00+00:00,923183.751638683
2020-09-02 00:00:00+00:00,934560.207709158
2020-09-03 00:00:00+00:00,903254.318575175
2020-09-04 00:00:00+00:00,903254.318575175
2020-09-08 00:00:00+00:00,883184.0540687846
2020-09-09 00:00:00+00:00,899843.6840386374
2020-09-10 00:00:00+00:00,888022.2529553997
2020-09-11 00:00:00+00:00,886132.043948554
2020-09-14 00:00:00+00:00,897608.025197648
2020-09-15 00:00:00+00:00,905148.9588408454
2020-09-16 00:00:00+00:00,900851.5965022759
2020-09-17 00:00:00+00:00,893099.984960269
2020-09-18 00:00:00+00:00,886956.3336590936
2020-09-21 00:00:00+00:00,881488.1210290063
2020-09-22 00:00:00+00:00,892762.6736340999
2020-09-23 00:00:00+00:00,874346.9877822711
2020-09-24 00:00:00+00:00,874252.706191085
2020-09-25 00:00:00+00:00,888022.6443584842
2020-09-28 00:00:00+00:00,900208.6877013862
2020-09-29 00:00:00+00:00,898598.5344834648
2020-09-30 00:00:00+00:00,903151.5688945549
2020-10-01 00:00:00+00:00,912665.4365500521
2020-10-02 00:00:00+00:00,903092.6838270371
2020-10-05 00:00:00+00:00,915375.6766906832
2020-10-06 00:00:00+00:00,915375.6766906836
2020-10-07 00:00:00+00:00,915375.6766906837
2020-10-08 00:00:00+00:00,915375.6766906836
2020-10-09 00:00:00+00:00,915375.6766906839
2020-10-12 00:00:00+00:00,926725.7979893376
2020-10-13 00:00:00+00:00,926725.7979893378
2020-10-14 00:00:00+00:00,926725.7979893376
2020-10-15 00:00:00+00:00,926725.7979893375
2020-10-16 00:00:00+00:00,926725.7979893377
2020-10-19 00:00:00+00:00,926725.7979893377
2020-10-20 00:00:00+00:00,926725.7979893377
2020-10-21 00:00:00+00:00,926725.7979893378
2020-10-22 00:00:00+00:00,926725.7979893378
2020-10-23 00:00:00+00:00,926725.797989338
2020-10-26 00:00:00+00:00,926725.7979893379
2020-10-27 00:00:00+00:00,926725.7979893383
2020-10-28 00:00:00+00:00,926725.7979893385
2020-10-29 00:00:00+00:00,926725.7979893385
2020-10-30 00:00:00+00:00,926725.7979893386
2020-11-02 00:00:00+00:00,926725.7979893389
2020-11-03 00:00:00+00:00,926725.7979893391
2020-11-04 00:00:00+00:00,926725.7979893389
2020-11-05 00:00:00+00:00,926725.797989339
2020-11-06 00:00:00+00:00,926725.7979893391
2020-11-09 00:00:00+00:00,926725.7979893389
2020-11-10 00:00:00+00:00,926725.7979893386
2020-11-11 00:00:00+00:00,938720.1613693608
2020-11-12 00:00:00+00:00,938720.1613693605
2020-11-13 00:00:00+00:00,938720.1613693604
2020-11-16 00:00:00+00:00,938720.1613693604
2020-11-17 00:00:00+00:00,938720.1613693605
2020-11-18 00:00:00+00:00,938720.1613693608
2020-11-19 00:00:00+00:00,945755.8448652306
2020-11-20 00:00:00+00:00,942323.7550871808
2020-11-23 00:00:00+00:00,945494.5908233065
2020-11-24 00:00:00+00:00,951887.3145358028
2020-11-25 00:00:00+00:00,953649.5206202914
2020-11-27 00:00:00+00:00,959187.2283982808
2020-11-30 00:00:00+00:00,957491.960847817
2020-12-01 00:00:00+00:00,964810.6898166414
2020-12-02 00:00:00+00:00,964810.6898166415
2020-12-03 00:00:00+00:00,966059.9025388098
2020-12-04 00:00:00+00:00,973350.7210922572
2020-12-07 00:00:00+00:00,975464.0849665191
2020-12-08 00:00:00+00:00,978541.2979313993
2020-12-09 00:00:00+00:00,965884.1103539348
2020-12-10 00:00:00+00:00,969078.4693015863
2020-12-11 00:00:00+00:00,968979.0345012003
2020-12-14 00:00:00+00:00,968979.0345011998
2020-12-15 00:00:00+00:00,977583.7426346996
2020-12-16 00:00:00+00:00,981621.8053865347
2020-12-17 00:00:00+00:00,989686.6290844573
2020-12-18 00:00:00+00:00,989406.9504063842
2020-12-21 00:00:00+00:00,989628.3859557897
2020-12-22 00:00:00+00:00,993028.9090308389
2020-12-23 00:00:00+00:00,989900.5372912919
2020-12-24 00:00:00+00:00,991855.2313553316
2020-12-28 00:00:00+00:00,992047.0652194016
2020-12-29 00:00:00+00:00,990452.2293402955
2020-12-30 00:00:00+00:00,993811.1514348554
2020-12-31 00:00:00+00:00,995768.5436017303
2021-01-04 00:00:00+00:00,983768.3984397448
2021-01-05 00:00:00+00:00,992076.8899236455
2021-01-06 00:00:00+00:00,987918.680149096
2021-01-07 00:00:00+00:00,1006414.6163526876
2021-01-08 00:00:00+00:00,1015594.5009582943
2021-01-11 00:00:00+00:00,1015594.500958294
2021-01-12 00:00:00+00:00,1015594.5009582944
2021-01-13 00:00:00+00:00,1015594.5009582947
2021-01-14 00:00:00+00:00,1015594.5009582945
2021-01-15 00:00:00+00:00,1008848.7739685522
2021-01-19 00:00:00+00:00,1008848.773968552
2021-01-20 00:00:00+00:00,1008848.7739685519
2021-01-21 00:00:00+00:00,1008848.7739685519
2021-01-22 00:00:00+00:00,1008848.7739685519
2021-01-25 00:00:00+00:00,1008848.7739685518
2021-01-26 00:00:00+00:00,1008848.773968552
2021-01-27 00:00:00+00:00,1008848.7739685521
2021-01-28 00:00:00+00:00,1008848.7739685519
2021-01-29 00:00:00+00:00,1008848.7739685521
2021-02-01 00:00:00+00:00,1008848.7739685524
2021-02-02 00:00:00+00:00,1008848.7739685522
2021-02-03 00:00:00+00:00,1008848.7739685521
2021-02-04 00:00:00+00:00,1008848.7739685521
2021-02-05 00:00:00+00:00,1008848.7739685521
2021-02-08 00:00:00+00:00,1008848.7739685522
2021-02-09 00:00:00+00:00,1008848.7739685522
2021-02-10 00:00:00+00:00,1008848.7739685519
2021-02-11 00:00:00+00:00,1008848.773968552
2021-02-12 00:00:00+00:00,1008848.7739685521
2021-02-16 00:00:00+00:00,1008848.7739685519
2021-02-17 00:00:00+00:00,1008848.7739685518
2021-02-18 00:00:00+00:00,1003348.031841389
2021-02-19 00:00:00+00:00,1003348.0318413893
2021-02-22 00:00:00+00:00,987307.2259707707
2021-02-23 00:00:00+00:00,985301.2115519025
2021-02-24 00:00:00+00:00,993671.6224139868
2021-02-25 00:00:00+00:00,993671.6224139864
2021-02-26 00:00:00+00:00,994168.2723668189
2021-03-01 00:00:00+00:00,1016144.2366355056
2021-03-02 00:00:00+00:00,1006387.4461729542
2021-03-03 00:00:00+00:00,986386.0840843909
2021-03-04 00:00:00+00:00,986386.0840843911
2021-03-05 00:00:00+00:00,998029.5804879192
2021-03-08 00:00:00+00:00,998029.5804879189
2021-03-09 00:00:00+00:00,1019794.9478351139
2021-03-10 00:00:00+00:00,1023669.3343855111
2021-03-11 00:00:00+00:00,1040971.2968405924
2021-03-12 00:00:00+00:00,1037981.3543758648
2021-03-15 00:00:00+00:00,1043844.1319066607
2021-03-16 00:00:00+00:00,1043151.2048108876
2021-03-17 00:00:00+00:00,1043959.8179890863
2021-03-18 00:00:00+00:00,1024557.0332925683
2021-03-19 00:00:00+00:00,1026811.3745128696
2021-03-22 00:00:00+00:00,1034661.4416965019
2021-03-23 00:00:00+00:00,1028760.7346582484
2021-03-24 00:00:00+00:00,1017133.8101542345
2021-03-25 00:00:00+00:00,1020145.236184746
2021-03-26 00:00:00+00:00,1035128.2796280135
2021-03-29 00:00:00+00:00,1031446.002380321
2021-03-30 00:00:00+00:00,1030202.7058167815
2021-03-31 00:00:00+00:00,1037972.4926993914
2021-04-01 00:00:00+00:00,1051488.6235553464
2021-04-05 00:00:00+00:00,1061990.742784086
2021-04-06 00:00:00+00:00,1064924.3511540745
2021-04-07 00:00:00+00:00,1063471.2099950607
2021-04-08 00:00:00+00:00,1063471.2099950607
2021-04-09 00:00:00+00:00,1063471.2099950607
2021-04-12 00:00:00+00:00,1063471.2099950607
2021-04-13 00:00:00+00:00,1063471.209995061
2021-04-14 00:00:00+00:00,1063471.2099950607
2021-04-15 00:00:00+00:00,1063471.209995061
2021-04-16 00:00:00+00:00,1063471.209995061
2021-04-19 00:00:00+00:00,1063471.2099950607
2021-04-20 00:00:00+00:00,1063471.2099950607
2021-04-21 00:00:00+00:00,1063471.2099950607
2021-04-22 00:00:00+00:00,1063471.2099950607
2021-04-23 00:00:00+00:00,1063471.2099950607
2021-04-26 00:00:00+00:00,1063471.2099950607
2021-04-27 00:00:00+00:00,1063471.2099950612
2021-04-28 00:00:00+00:00,1063471.209995061
2021-04-29 00:00:00+00:00,1063471.209995061
2021-04-30 00:00:00+00:00,1063471.209995061
2021-05-03 00:00:00+00:00,1063471.209995061
2021-05-04 00:00:00+00:00,1063471.209995061
2021-05-05 00:00:00+00:00,1063471.209995061
2021-05-06 00:00:00+00:00,1063471.2099950607
2021-05-07 00:00:00+00:00,1063471.2099950607
2021-05-10 00:00:00+00:00,1063471.2099950607
2021-05-11 00:00:00+00:00,1063471.2099950607
2021-05-12 00:00:00+00:00,1063471.2099950605
2021-05-13 00:00:00+00:00,1063471.2099950607
2021-05-14 00:00:00+00:00,1063471.2099950607
2021-05-17 00:00:00+00:00,1063471.2099950605
2021-05-18 00:00:00+00:00,1063471.2099950605
2021-05-19 00:00:00+00:00,1063471.2099950605
2021-05-20 00:00:00+00:00,1077147.4132882906
2021-05-21 00:00:00+00:00,1077147.4132882908
2021-05-24 00:00:00+00:00,1088947.222159826
2021-05-25 00:00:00+00:00,1089735.6843601158
2021-05-26 00:00:00+00:00,1094707.340890357
2021-05-27 00:00:00+00:00,1098299.4355099152
2021-05-28 00:00:00+00:00,1100082.5464749015
2021-06-01 00:00:00+00:00,1100242.5138542198
2021-06-02 00:00:00+00:00,1101670.2316174353
2021-06-03 00:00:00+00:00,1093750.0279975014
2021-06-04 00:00:00+00:00,1103161.8160486056
2021-06-07 00:00:00+00:00,1106318.776821721
2021-06-08 00:00:00+00:00,1107702.5772871543
2021-06-09 00:00:00+00:00,1103990.4296460806
2021-06-10 00:00:00+00:00,1110865.5384740806
2021-06-11 00:00:00+00:00,1115740.301212995
2021-06-14 00:00:00+00:00,1120396.2980234844
2021-06-15 00:00:00+00:00,1116340.0772202963
2021-06-16 00:00:00+00:00,1116340.0772202965
2021-06-17 00:00:00+00:00,1116340.0772202967
2021-06-18 00:00:00+00:00,1108016.7545542112
2021-06-21 00:00:00+00:00,1118191.9560731952
2021-06-22 00:00:00+00:00,1126485.3046096128
2021-06-23 00:00:00+00:00,1127474.2450431616
2021-06-24 00:00:00+00:00,1127474.245043161
2021-06-25 00:00:00+00:00,1130957.675150003
2021-06-28 00:00:00+00:00,1136310.642894147
2021-06-29 00:00:00+00:00,1136692.3509039537
2021-06-30 00:00:00+00:00,1132679.5300411808
2021-07-01 00:00:00+00:00,1135106.735519237
2021-07-02 00:00:00+00:00,1140001.0785311386
2021-07-06 00:00:00+00:00,1140001.0785311384
2021-07-07 00:00:00+00:00,1139337.4089236474
2021-07-08 00:00:00+00:00,1139337.4089236476
2021-07-09 00:00:00+00:00,1149208.3510986578
2021-07-12 00:00:00+00:00,1149208.3510986576
2021-07-13 00:00:00+00:00,1149208.3510986576
2021-07-14 00:00:00+00:00,1149208.3510986574
2021-07-15 00:00:00+00:00,1149208.3510986571
2021-07-16 00:00:00+00:00,1149208.3510986571
2021-07-19 00:00:00+00:00,1149208.3510986571
2021-07-20 00:00:00+00:00,1149208.3510986571
2021-07-21 00:00:00+00:00,1149208.3510986578
2021-07-22 00:00:00+00:00,1149208.3510986578
2021-07-23 00:00:00+00:00,1149208.351098658
2021-07-26 00:00:00+00:00,1149208.351098658
2021-07-27 00:00:00+00:00,1149208.3510986578
2021-07-28 00:00:00+00:00,1149208.3510986578
2021-07-29 00:00:00+00:00,1149208.351098658
2021-07-30 00:00:00+00:00,1149208.351098658
2021-08-02 00:00:00+00:00,1149208.3510986585
2021-08-03 00:00:00+00:00,1149208.3510986587
2021-08-04 00:00:00+00:00,1149208.3510986585
2021-08-05 00:00:00+00:00,1149208.3510986585
2021-08-06 00:00:00+00:00,1149208.3510986583
2021-08-09 00:00:00+00:00,1149208.3510986585
2021-08-10 00:00:00+00:00,1149208.3510986585
2021-08-11 00:00:00+00:00,1149208.351098659
2021-08-12 00:00:00+00:00,1149208.351098659
2021-08-13 00:00:00+00:00,1149208.3510986587
2021-08-16 00:00:00+00:00,1149208.3510986587
2021-08-17 00:00:00+00:00,1149208.3510986587
2021-08-18 00:00:00+00:00,1141776.1533057808
2021-08-19 00:00:00+00:00,1141776.1533057808
2021-08-20 00:00:00+00:00,1148996.4965761113
2021-08-23 00:00:00+00:00,1160759.4227731018
2021-08-24 00:00:00+00:00,1160759.422773102
2021-08-25 00:00:00+00:00,1162746.402263044
2021-08-26 00:00:00+00:00,1162746.4022630434
2021-08-27 00:00:00+00:00,1173937.8470905013
2021-08-30 00:00:00+00:00,1179244.7750698498
2021-08-31 00:00:00+00:00,1178908.3722811227
2021-09-01 00:00:00+00:00,1184365.9988384158
2021-09-02 00:00:00+00:00,1185826.7316819583
2021-09-03 00:00:00+00:00,1187117.9820049366
2021-09-07 00:00:00+00:00,1187117.9820049368
2021-09-08 00:00:00+00:00,1180779.2117145564
2021-09-09 00:00:00+00:00,1178461.85293816
2021-09-10 00:00:00+00:00,1170702.2652480796
2021-09-13 00:00:00+00:00,1168306.1844853824
2021-09-14 00:00:00+00:00,1162203.3897870511
2021-09-15 00:00:00+00:00,1169597.3074022825
2021-09-16 00:00:00+00:00,1171698.0419797213
2021-09-17 00:00:00+00:00,1165762.2544800276
2021-09-20 00:00:00+00:00,1146582.6685218564
2021-09-21 00:00:00+00:00,1148149.4230671688
2021-09-22 00:00:00+00:00,1158471.4635015994
2021-09-23 00:00:00+00:00,1170491.40171773
2021-09-24 00:00:00+00:00,1168604.0966909605
2021-09-27 00:00:00+00:00,1163510.7288013434
2021-09-28 00:00:00+00:00,1137353.3161522907
2021-09-29 00:00:00+00:00,1135660.8411305966
2021-09-30 00:00:00+00:00,1129251.0553812645
2021-10-01 00:00:00+00:00,1140344.0592961998
2021-10-04 00:00:00+00:00,1120454.636159435
2021-10-05 00:00:00+00:00,1130729.974392415
2021-10-06 00:00:00+00:00,1130729.974392415
2021-10-07 00:00:00+00:00,1130729.974392415
2021-10-08 00:00:00+00:00,1130729.9743924153
2021-10-11 00:00:00+00:00,1122498.614896522
2021-10-12 00:00:00+00:00,1122498.614896522
2021-10-13 00:00:00+00:00,1122498.6148965221
2021-10-14 00:00:00+00:00,1122498.614896522
2021-10-15 00:00:00+00:00,1122498.614896522
2021-10-18 00:00:00+00:00,1122498.614896522
2021-10-19 00:00:00+00:00,1122498.614896522
2021-10-20 00:00:00+00:00,1122498.6148965221
2021-10-21 00:00:00+00:00,1122498.6148965217
2021-10-22 00:00:00+00:00,1122498.6148965217
2021-10-25 00:00:00+00:00,1122498.614896522
2021-10-26 00:00:00+00:00,1122498.6148965221
2021-10-27 00:00:00+00:00,1122498.614896522
2021-10-28 00:00:00+00:00,1122498.6148965217
2021-10-29 00:00:00+00:00,1122498.6148965217
2021-11-01 00:00:00+00:00,1122498.6148965217
2021-11-02 00:00:00+00:00,1122498.6148965217
2021-11-03 00:00:00+00:00,1122498.6148965217
2021-11-04 00:00:00+00:00,1122498.614896522
2021-11-05 00:00:00+00:00,1122498.6148965226
2021-11-08 00:00:00+00:00,1122498.6148965226
2021-11-09 00:00:00+00:00,1122498.6148965228
2021-11-10 00:00:00+00:00,1122498.6148965228
2021-11-11 00:00:00+00:00,1124726.258991506
2021-11-12 00:00:00+00:00,1124726.2589915062
2021-11-15 00:00:00+00:00,1124726.2589915062
2021-11-16 00:00:00+00:00,1124726.258991506
2021-11-17 00:00:00+00:00,1117083.5610636773
2021-11-18 00:00:00+00:00,1117083.5610636768
2021-11-19 00:00:00+00:00,1113728.3557469628
2021-11-22 00:00:00+00:00,1113728.3557469628
2021-11-23 00:00:00+00:00,1110679.9672829753
2021-11-24 00:00:00+00:00,1115294.6324048187
2021-11-26 00:00:00+00:00,1095300.244685816
2021-11-29 00:00:00+00:00,1104885.7713405236
2021-11-30 00:00:00+00:00,1085018.3171801532
2021-12-01 00:00:00+00:00,1085018.317180153
2021-12-02 00:00:00+00:00,1100682.8222926934
2021-12-03 00:00:00+00:00,1085394.1818141057
2021-12-06 00:00:00+00:00,1085394.1818141057
2021-12-07 00:00:00+00:00,1085394.1818141057
2021-12-08 00:00:00+00:00,1092484.0332282323
2021-12-09 00:00:00+00:00,1079515.0589514698
2021-12-10 00:00:00+00:00,1082990.498188494
2021-12-13 00:00:00+00:00,1073230.2818687921
2021-12-14 00:00:00+00:00,1063525.6622618225
2021-12-15 00:00:00+00:00,1077787.801919412
2021-12-16 00:00:00+00:00,1064616.5726563146
2021-12-17 00:00:00+00:00,1063442.654622797
2021-12-20 00:00:00+00:00,1051157.8373454856
2021-12-21 00:00:00+00:00,1072606.1775221126
2021-12-22 00:00:00+00:00,1081003.6402970117
2021-12-23 00:00:00+00:00,1086811.7469090766
2021-12-27 00:00:00+00:00,1095731.3703323086
2021-12-28 00:00:00+00:00,1091277.4012739041
2021-12-29 00:00:00+00:00,1091818.0225323401
2021-12-30 00:00:00+00:00,1093280.6679037097
2021-12-31 00:00:00+00:00,1089063.2110796398
2022-01-03 00:00:00+00:00,1092493.2717206168
2022-01-04 00:00:00+00:00,1083210.788813475
2022-01-05 00:00:00+00:00,1056517.2935729956
2022-01-06 00:00:00+00:00,1057072.7622942082
2022-01-07 00:00:00+00:00,1049753.619359138
2022-01-10 00:00:00+00:00,1047042.1068848503
2022-01-11 00:00:00+00:00,1047042.1068848503
2022-01-12 00:00:00+00:00,1047042.1068848502
2022-01-13 00:00:00+00:00,1047042.1068848501
2022-01-14 00:00:00+00:00,1047042.1068848503
2022-01-18 00:00:00+00:00,1047042.1068848507
2022-01-19 00:00:00+00:00,1047042.1068848504
2022-01-20 00:00:00+00:00,1047042.1068848504
2022-01-21 00:00:00+00:00,1047042.1068848503
2022-01-24 00:00:00+00:00,1047042.1068848503
2022-01-25 00:00:00+00:00,1047042.1068848507
2022-01-26 00:00:00+00:00,1047042.1068848508
2022-01-27 00:00:00+00:00,1047042.1068848511
2022-01-28 00:00:00+00:00,1047042.1068848511
2022-01-31 00:00:00+00:00,1047042.1068848508
2022-02-01 00:00:00+00:00,1047042.1068848505
2022-02-02 00:00:00+00:00,1047042.1068848502
2022-02-03 00:00:00+00:00,1047042.1068848503
2022-02-04 00:00:00+00:00,1047042.1068848501
2022-02-07 00:00:00+00:00,1047042.1068848497
2022-02-08 00:00:00+00:00,1047042.1068848495
2022-02-09 00:00:00+00:00,1047042.1068848496
2022-02-10 00:00:00+00:00,1047042.1068848496
2022-02-11 00:00:00+00:00,1047042.1068848497
2022-02-14 00:00:00+00:00,1047042.1068848497
2022-02-15 00:00:00+00:00,1047042.106884849
2022-02-16 00:00:00+00:00,1047042.1068848489
2022-02-17 00:00:00+00:00,1047042.1068848487
2022-02-18 00:00:00+00:00,1047042.1068848489
2022-02-22 00:00:00+00:00,1036403.3686814178
2022-02-23 00:00:00+00:00,1016559.7911772478
2022-02-24 00:00:00+00:00,1040342.8889969245
2022-02-25 00:00:00+00:00,1059415.7856835548
2022-02-28 00:00:00+00:00,1058988.106674369
2022-03-01 00:00:00+00:00,1046050.6515687081
2022-03-02 00:00:00+00:00,1059263.4855609906
2022-03-03 00:00:00+00:00,1059263.4855609906
2022-03-04 00:00:00+00:00,1046988.4127131813
2022-03-07 00:00:00+00:00,1016377.1052426016
2022-03-08 00:00:00+00:00,1011460.945032985
2022-03-09 00:00:00+00:00,1039880.1315949578
2022-03-10 00:00:00+00:00,1033962.0634389936
2022-03-11 00:00:00+00:00,1033962.0634389934
2022-03-14 00:00:00+00:00,1021974.1022700015
2022-03-15 00:00:00+00:00,1043974.9160426077
2022-03-16 00:00:00+00:00,1072746.5817214362
2022-03-17 00:00:00+00:00,1086806.5926428763
2022-03-18 00:00:00+00:00,1103173.635480676
2022-03-21 00:00:00+00:00,1096736.7684156992
2022-03-22 00:00:00+00:00,1110090.7696730031
2022-03-23 00:00:00+00:00,1095892.1190309331
2022-03-24 00:00:00+00:00,1110163.3791243103
2022-03-25 00:00:00+00:00,1109871.911179088
2022-03-28 00:00:00+00:00,1119829.6463436978
2022-03-29 00:00:00+00:00,1138235.6380908655
2022-03-30 00:00:00+00:00,1128077.3855568725
2022-03-31 00:00:00+00:00,1112151.6210894033
2022-04-01 00:00:00+00:00,1117823.7611038964
2022-04-04 00:00:00+00:00,1131412.8825922676
2022-04-05 00:00:00+00:00,1115176.1606793879
2022-04-06 00:00:00+00:00,1100526.478050371
2022-04-07 00:00:00+00:00,1101316.8999224517
2022-04-08 00:00:00+00:00,1101316.8999224515
2022-04-11 00:00:00+00:00,1101316.8999224515
2022-04-12 00:00:00+00:00,1101316.8999224517
2022-04-13 00:00:00+00:00,1101316.8999224522
2022-04-14 00:00:00+00:00,1101316.8999224522
2022-04-18 00:00:00+00:00,1101316.8999224524
2022-04-19 00:00:00+00:00,1101316.8999224524
2022-04-20 00:00:00+00:00,1101316.8999224526
2022-04-21 00:00:00+00:00,1101316.8999224524
2022-04-22 00:00:00+00:00,1101316.8999224524
2022-04-25 00:00:00+00:00,1101316.8999224526
2022-04-26 00:00:00+00:00,1101316.8999224526
2022-04-27 00:00:00+00:00,1101316.8999224526
2022-04-28 00:00:00+00:00,1101316.8999224526
2022-04-29 00:00:00+00:00,1101316.8999224524
2022-05-02 00:00:00+00:00,1101316.8999224524
2022-05-03 00:00:00+00:00,1101316.8999224529
2022-05-04 00:00:00+00:00,1101316.899922453
2022-05-05 00:00:00+00:00,1101316.8999224529
2022-05-06 00:00:00+00:00,1101316.8999224529
2022-05-09 00:00:00+00:00,1101316.899922453
2022-05-10 00:00:00+00:00,1101316.899922453
2022-05-11 00:00:00+00:00,1101316.899922453
2022-05-12 00:00:00+00:00,1101316.899922453
2022-05-13 00:00:00+00:00,1101316.899922453
2022-05-16 00:00:00+00:00,1101316.8999224533
2022-05-17 00:00:00+00:00,1101316.8999224533
2022-05-18 00:00:00+00:00,1101316.8999224533
2022-05-19 00:00:00+00:00,1099330.3390958412
2022-05-20 00:00:00+00:00,1099330.3390958414
2022-05-23 00:00:00+00:00,1117669.2307283673
2022-05-24 00:00:00+00:00,1117669.2307283676
2022-05-25 00:00:00+00:00,1117669.2307283673
2022-05-26 00:00:00+00:00,1136628.4929617941
2022-05-27 00:00:00+00:00,1163535.4539537663
2022-05-31 00:00:00+00:00,1155408.4058163227
2022-06-01 00:00:00+00:00,1147131.377687694
2022-06-02 00:00:00+00:00,1170135.4434026675
2022-06-03 00:00:00+00:00,1151818.809246989
2022-06-06 00:00:00+00:00,1155460.566074715
2022-06-07 00:00:00+00:00,1155460.566074715
2022-06-08 00:00:00+00:00,1145309.1659546015
2022-06-09 00:00:00+00:00,1120518.7045505021
2022-06-10 00:00:00+00:00,1089281.8139229487
2022-06-13 00:00:00+00:00,1048654.5885477278
2022-06-14 00:00:00+00:00,1045034.6351891411
2022-06-15 00:00:00+00:00,1045034.6351891411
2022-06-16 00:00:00+00:00,1012518.6215669455
2022-06-17 00:00:00+00:00,1016864.0134629966
2022-06-21 00:00:00+00:00,1038246.7277253518
2022-06-22 00:00:00+00:00,1039488.8035060229
2022-06-23 00:00:00+00:00,1052753.9848655106
2022-06-24 00:00:00+00:00,1081606.4575819531
2022-06-27 00:00:00+00:00,1077281.2119299143
2022-06-28 00:00:00+00:00,1054871.816516368
2022-06-29 00:00:00+00:00,1055213.0164612052
2022-06-30 00:00:00+00:00,1055213.0164612052
2022-07-01 00:00:00+00:00,1066787.8740524657
2022-07-05 00:00:00+00:00,1071337.8065366398
2022-07-06 00:00:00+00:00,1074329.2438296068
2022-07-07 00:00:00+00:00,1074329.2438296068
2022-07-08 00:00:00+00:00,1074329.243829607
2022-07-11 00:00:00+00:00,1074329.2438296073
2022-07-12 00:00:00+00:00,1074329.243829607
2022-07-13 00:00:00+00:00,1074329.243829607
2022-07-14 00:00:00+00:00,1074329.243829607
2022-07-15 00:00:00+00:00,1074329.2438296073
2022-07-18 00:00:00+00:00,1074329.2438296073
2022-07-19 00:00:00+00:00,1074329.2438296075
2022-07-20 00:00:00+00:00,1074329.2438296077
2022-07-21 00:00:00+00:00,1074329.2438296077
2022-07-22 00:00:00+00:00,1074329.243829608
2022-07-25 00:00:00+00:00,1074329.2438296082
2022-07-26 00:00:00+00:00,1074329.2438296082
2022-07-27 00:00:00+00:00,1074329.2438296084
2022-07-28 00:00:00+00:00,1074329.2438296087
2022-07-29 00:00:00+00:00,1074329.2438296084
2022-08-01 00:00:00+00:00,1074329.2438296084
2022-08-02 00:00:00+00:00,1074329.2438296084
2022-08-03 00:00:00+00:00,1074329.2438296084
2022-08-04 00:00:00+00:00,1074329.2438296084
2022-08-05 00:00:00+00:00,1074329.2438296087
2022-08-08 00:00:00+00:00,1074329.2438296084
2022-08-09 00:00:00+00:00,1074329.2438296084
2022-08-10 00:00:00+00:00,1074329.2438296084
2022-08-11 00:00:00+00:00,1074329.2438296084
2022-08-12 00:00:00+00:00,1074329.2438296082
2022-08-15 00:00:00+00:00,1074329.2438296084
2022-08-16 00:00:00+00:00,1074329.2438296084
2022-08-17 00:00:00+00:00,1074329.2438296082
2022-08-18 00:00:00+00:00,1076306.4149602642
2022-08-19 00:00:00+00:00,1063349.0630510054
2022-08-22 00:00:00+00:00,1063349.0630510051
2022-08-23 00:00:00+00:00,1063349.0630510051
2022-08-24 00:00:00+00:00,1066039.7243000553
2022-08-25 00:00:00+00:00,1080118.4261633293
2022-08-26 00:00:00+00:00,1080118.4261633293
2022-08-29 00:00:00+00:00,1073881.454474499
2022-08-30 00:00:00+00:00,1062663.6532991752
2022-08-31 00:00:00+00:00,1056144.4671083079
2022-09-01 00:00:00+00:00,1058338.4135089586
2022-09-02 00:00:00+00:00,1047965.9951357165
2022-09-06 00:00:00+00:00,1047965.9951357166
2022-09-07 00:00:00+00:00,1064964.6979857313
2022-09-08 00:00:00+00:00,1071188.7827388693
2022-09-09 00:00:00+00:00,1085814.9829566868
2022-09-12 00:00:00+00:00,1085814.9829566868
2022-09-13 00:00:00+00:00,1043420.4404519277
2022-09-14 00:00:00+00:00,1045385.8216085288
2022-09-15 00:00:00+00:00,1032471.771374112
2022-09-16 00:00:00+00:00,1026044.8712150032
2022-09-19 00:00:00+00:00,1031748.7055079301
2022-09-20 00:00:00+00:00,1020278.3675453113
2022-09-21 00:00:00+00:00,1005102.6996382189
2022-09-22 00:00:00+00:00,996366.3713585753
2022-09-23 00:00:00+00:00,982051.5023476435
2022-09-26 00:00:00+00:00,971806.0008905159
2022-09-27 00:00:00+00:00,969550.0741582573
2022-09-28 00:00:00+00:00,986613.230039182
2022-09-29 00:00:00+00:00,967057.0965842141
2022-09-30 00:00:00+00:00,956098.7114601325
2022-10-03 00:00:00+00:00,978763.9895571347
2022-10-04 00:00:00+00:00,1004743.9057552686
2022-10-05 00:00:00+00:00,1004743.9057552686
2022-10-06 00:00:00+00:00,1004743.9057552686
2022-10-07 00:00:00+00:00,1004743.9057552686
2022-10-10 00:00:00+00:00,996517.7239559984
2022-10-11 00:00:00+00:00,996517.7239559987
2022-10-12 00:00:00+00:00,996517.7239559984
2022-10-13 00:00:00+00:00,996517.7239559985
2022-10-14 00:00:00+00:00,996517.7239559985
2022-10-17 00:00:00+00:00,996517.7239559984
2022-10-18 00:00:00+00:00,996517.7239559983
2022-10-19 00:00:00+00:00,996517.7239559983
2022-10-20 00:00:00+00:00,996517.7239559983
2022-10-21 00:00:00+00:00,996517.7239559981
2022-10-24 00:00:00+00:00,996517.7239559982
2022-10-25 00:00:00+00:00,996517.7239559982
2022-10-26 00:00:00+00:00,996517.7239559981
2022-10-27 00:00:00+00:00,996517.7239559982
2022-10-28 00:00:00+00:00,996517.7239559982
2022-10-31 00:00:00+00:00,996517.7239559982
2022-11-01 00:00:00+00:00,996517.7239559981
2022-11-02 00:00:00+00:00,996517.7239559981
2022-11-03 00:00:00+00:00,996517.7239559983
2022-11-04 00:00:00+00:00,996517.7239559982
2022-11-07 00:00:00+00:00,996517.7239559981
2022-11-08 00:00:00+00:00,996517.7239559981
2022-11-09 00:00:00+00:00,996517.723955998
2022-11-10 00:00:00+00:00,996517.723955998
2022-11-11 00:00:00+00:00,1005696.2156757785
2022-11-14 00:00:00+00:00,1005696.2156757785
2022-11-15 00:00:00+00:00,1005696.2156757785
2022-11-16 00:00:00+00:00,998237.616113135
2022-11-17 00:00:00+00:00,993115.7684006225
2022-11-18 00:00:00+00:00,993115.7684006226
2022-11-21 00:00:00+00:00,993115.7684006225
2022-11-22 00:00:00+00:00,993115.7684006224
2022-11-23 00:00:00+00:00,999006.852275969
2022-11-25 00:00:00+00:00,998934.6665901971
2022-11-28 00:00:00+00:00,984215.9231139238
2022-11-29 00:00:00+00:00,982814.1732135142
2022-11-30 00:00:00+00:00,1011941.8087407403
2022-12-01 00:00:00+00:00,1012616.3613177168
2022-12-02 00:00:00+00:00,1010228.4109150487
2022-12-05 00:00:00+00:00,993222.4004474615
2022-12-06 00:00:00+00:00,979203.6711134693
2022-12-07 00:00:00+00:00,977007.1438235047
2022-12-08 00:00:00+00:00,984228.0681274524
2022-12-09 00:00:00+00:00,978237.1133001151
2022-12-12 00:00:00+00:00,991233.0994412627
2022-12-13 00:00:00+00:00,999952.7623590643
2022-12-14 00:00:00+00:00,993385.9166616669
2022-12-15 00:00:00+00:00,969602.4601817969
2022-12-16 00:00:00+00:00,958895.7838962263
2022-12-19 00:00:00+00:00,949390.4815318821
2022-12-20 00:00:00+00:00,950504.99214301
2022-12-21 00:00:00+00:00,962956.6231999086
2022-12-22 00:00:00+00:00,950684.717167274
2022-12-23 00:00:00+00:00,955769.7205832836
2022-12-27 00:00:00+00:00,952530.2514489153
2022-12-28 00:00:00+00:00,941690.1646873454
2022-12-29 00:00:00+00:00,958301.4082684983
2022-12-30 00:00:00+00:00,954986.899773152
2023-01-03 00:00:00+00:00,952034.4902615352
2023-01-04 00:00:00+00:00,960830.3297756483
2023-01-05 00:00:00+00:00,948196.0458209167
2023-01-06 00:00:00+00:00,968409.7193567118
2023-01-09 00:00:00+00:00,968409.7193567121
2023-01-10 00:00:00+00:00,968409.7193567121
2023-01-11 00:00:00+00:00,968409.719356712
2023-01-12 00:00:00+00:00,968409.7193567121
2023-01-13 00:00:00+00:00,968409.7193567121
2023-01-17 00:00:00+00:00,968409.7193567121
2023-01-18 00:00:00+00:00,968409.7193567122
2023-01-19 00:00:00+00:00,968409.7193567123
2023-01-20 00:00:00+00:00,968409.7193567123
2023-01-23 00:00:00+00:00,968409.7193567124
2023-01-24 00:00:00+00:00,968409.7193567124
2023-01-25 00:00:00+00:00,968409.7193567124
2023-01-26 00:00:00+00:00,968409.7193567124
2023-01-27 00:00:00+00:00,968409.7193567125
2023-01-30 00:00:00+00:00,968409.7193567124
2023-01-31 00:00:00+00:00,968409.7193567124
2023-02-01 00:00:00+00:00,968409.7193567124
2023-02-02 00:00:00+00:00,968409.7193567123
2023-02-03 00:00:00+00:00,968409.7193567123
2023-02-06 00:00:00+00:00,968409.7193567121
2023-02-07 00:00:00+00:00,968409.7193567121
2023-02-08 00:00:00+00:00,968409.7193567122
2023-02-09 00:00:00+00:00,968409.7193567123
2023-02-10 00:00:00+00:00,968409.7193567122
2023-02-13 00:00:00+00:00,968409.719356712
2023-02-14 00:00:00+00:00,968409.719356712
2023-02-15 00:00:00+00:00,968409.7193567117
2023-02-16 00:00:00+00:00,968409.7193567117
2023-02-17 00:00:00+00:00,966102.909879762
2023-02-21 00:00:00+00:00,966102.909879762
2023-02-22 00:00:00+00:00,966102.909879762
2023-02-23 00:00:00+00:00,970750.0142865716
2023-02-24 00:00:00+00:00,970750.0142865716
2023-02-27 00:00:00+00:00,973538.1150200901
2023-02-28 00:00:00+00:00,971320.6310133149
2023-03-01 00:00:00+00:00,967788.1588319645
2023-03-02 00:00:00+00:00,974617.5510389203
2023-03-03 00:00:00+00:00,987774.3395215084
2023-03-06 00:00:00+00:00,987188.6262639359
2023-03-07 00:00:00+00:00,974115.4645547852
2023-03-08 00:00:00+00:00,975962.3979724543
2023-03-09 00:00:00+00:00,960470.489566687
2023-03-10 00:00:00+00:00,946729.3929464598
2023-03-13 00:00:00+00:00,947450.4871577153
2023-03-14 00:00:00+00:00,959801.0918132687
2023-03-15 00:00:00+00:00,955417.5172478484
2023-03-16 00:00:00+00:00,968809.4302193436
2023-03-17 00:00:00+00:00,959832.7932781128
2023-03-20 00:00:00+00:00,965669.4100007325
2023-03-21 00:00:00+00:00,977237.6776018695
2023-03-22 00:00:00+00:00,963016.6401484946
2023-03-23 00:00:00+00:00,965325.5341109718
2023-03-24 00:00:00+00:00,971121.8638090189
2023-03-27 00:00:00+00:00,971642.3658393039
2023-03-28 00:00:00+00:00,969638.73964811
2023-03-29 00:00:00+00:00,981602.0896121014
2023-03-30 00:00:00+00:00,986779.007762001
2023-03-31 00:00:00+00:00,1000121.4407472175
2023-04-03 00:00:00+00:00,1001804.8387064599
2023-04-04 00:00:00+00:00,1001804.8387064596
2023-04-05 00:00:00+00:00,1001804.8387064596
2023-04-06 00:00:00+00:00,1001804.8387064595
2023-04-10 00:00:00+00:00,1001804.8387064594
2023-04-11 00:00:00+00:00,1001804.8387064594
2023-04-12 00:00:00+00:00,1001804.8387064596
2023-04-13 00:00:00+00:00,1001804.8387064594
2023-04-14 00:00:00+00:00,1001804.8387064594
2023-04-17 00:00:00+00:00,1001804.8387064596
2023-04-18 00:00:00+00:00,1001804.8387064595
2023-04-19 00:00:00+00:00,1001804.8387064594
2023-04-20 00:00:00+00:00,1001804.8387064593
2023-04-21 00:00:00+00:00,1001804.838706459
2023-04-24 00:00:00+00:00,1001804.8387064588
2023-04-25 00:00:00+00:00,1001804.8387064589
2023-04-26 00:00:00+00:00,1001804.8387064592
2023-04-27 00:00:00+00:00,1001804.8387064589
2023-04-28 00:00:00+00:00,1001804.8387064589
2023-05-01 00:00:00+00:00,1001804.8387064589
2023-05-02 00:00:00+00:00,1001804.838706459
2023-05-03 00:00:00+00:00,1001804.8387064592
2023-05-04 00:00:00+00:00,1001804.838706459
2023-05-05 00:00:00+00:00,1001804.8387064589
2023-05-08 00:00:00+00:00,1001804.8387064587
2023-05-09 00:00:00+00:00,1001804.8387064585
2023-05-10 00:00:00+00:00,1001804.8387064587
2023-05-11 00:00:00+00:00,1001804.8387064586
2023-05-12 00:00:00+00:00,1001804.8387064586
2023-05-15 00:00:00+00:00,1001804.8387064586
2023-05-16 00:00:00+00:00,1001804.8387064583
2023-05-17 00:00:00+00:00,1001804.8387064583
2023-05-18 00:00:00+00:00,1008747.4708329663
2023-05-19 00:00:00+00:00,1007434.390638373
2023-05-22 00:00:00+00:00,1007434.3906383731
2023-05-23 00:00:00+00:00,1007434.3906383731
2023-05-24 00:00:00+00:00,998890.9059866073
2023-05-25 00:00:00+00:00,998890.9059866074
2023-05-26 00:00:00+00:00,1010622.7256936393
2023-05-30 00:00:00+00:00,1009951.5826395529
2023-05-31 00:00:00+00:00,1009082.8311167259
2023-06-01 00:00:00+00:00,1018476.1197706399
2023-06-02 00:00:00+00:00,1035015.0341040464
2023-06-05 00:00:00+00:00,1032581.6136458762
2023-06-06 00:00:00+00:00,1037257.6549389437
2023-06-07 00:00:00+00:00,1031918.2203188832
2023-06-08 00:00:00+00:00,1036695.1826956888
2023-06-09 00:00:00+00:00,1036009.5779053445
2023-06-12 00:00:00+00:00,1047369.4641408112
2023-06-13 00:00:00+00:00,1055085.8678387853
2023-06-14 00:00:00+00:00,1055454.9222865042
2023-06-15 00:00:00+00:00,1070012.8612779018
2023-06-16 00:00:00+00:00,1066912.942626074
2023-06-20 00:00:00+00:00,1058511.3845572216
2023-06-21 00:00:00+00:00,1053676.5929567674
2023-06-22 00:00:00+00:00,1055402.1811251282
2023-06-23 00:00:00+00:00,1049375.799833013
2023-06-26 00:00:00+00:00,1047131.7772880036
2023-06-27 00:00:00+00:00,1058674.8077703412
2023-06-28 00:00:00+00:00,1059397.887065932
2023-06-29 00:00:00+00:00,1064087.4991089324
2023-06-30 00:00:00+00:00,1075059.7729419477
2023-07-03 00:00:00+00:00,1075878.3844093818
2023-07-05 00:00:00+00:00,1074263.198390611
2023-07-06 00:00:00+00:00,1074263.1983906107
2023-07-07 00:00:00+00:00,1074263.1983906107
2023-07-10 00:00:00+00:00,1074263.1983906107
2023-07-11 00:00:00+00:00,1074263.1983906107
2023-07-12 00:00:00+00:00,1074263.1983906105
2023-07-13 00:00:00+00:00,1074263.198390611
2023-07-14 00:00:00+00:00,1074263.1983906112
2023-07-17 00:00:00+00:00,1074263.1983906112
2023-07-18 00:00:00+00:00,1074263.1983906114
2023-07-19 00:00:00+00:00,1074263.1983906114
2023-07-20 00:00:00+00:00,1074263.1983906114
2023-07-21 00:00:00+00:00,1074263.1983906114
2023-07-24 00:00:00+00:00,1074263.1983906112
2023-07-25 00:00:00+00:00,1074263.1983906114
2023-07-26 00:00:00+00:00,1074263.1983906114
2023-07-27 00:00:00+00:00,1074263.198390612
2023-07-28 00:00:00+00:00,1074263.1983906124
2023-07-31 00:00:00+00:00,1074263.1983906126
2023-08-01 00:00:00+00:00,1074263.1983906126
2023-08-02 00:00:00+00:00,1074263.198390613
2023-08-03 00:00:00+00:00,1074263.1983906133
2023-08-04 00:00:00+00:00,1074263.1983906133
2023-08-07 00:00:00+00:00,1074263.198390613
2023-08-08 00:00:00+00:00,1074263.1983906133
2023-08-09 00:00:00+00:00,1074263.1983906133
2023-08-10 00:00:00+00:00,1074263.1983906135
2023-08-11 00:00:00+00:00,1074263.198390614
2023-08-14 00:00:00+00:00,1074263.198390614
2023-08-15 00:00:00+00:00,1074263.1983906142
2023-08-16 00:00:00+00:00,1074263.198390614
2023-08-17 00:00:00+00:00,1065504.8901689136
2023-08-18 00:00:00+00:00,1065504.8901689139
2023-08-21 00:00:00+00:00,1065504.890168914
2023-08-22 00:00:00+00:00,1065504.8901689143
2023-08-23 00:00:00+00:00,1065504.8901689143
2023-08-24 00:00:00+00:00,1051050.6086897731
2023-08-25 00:00:00+00:00,1057663.1273331335
2023-08-28 00:00:00+00:00,1064365.5827028032
2023-08-29 00:00:00+00:00,1078658.7046760363
2023-08-30 00:00:00+00:00,1083150.2551809947
2023-08-31 00:00:00+00:00,1082347.8392972616
2023-09-01 00:00:00+00:00,1085861.281055158
2023-09-05 00:00:00+00:00,1079063.864467127
2023-09-06 00:00:00+00:00,1073036.6487470928
2023-09-07 00:00:00+00:00,1069005.6572587162
2023-09-08 00:00:00+00:00,1069170.4077891037
2023-09-11 00:00:00+00:00,1075179.0597268837
2023-09-12 00:00:00+00:00,1075179.0597268832
2023-09-13 00:00:00+00:00,1075136.1889746934
2023-09-14 00:00:00+00:00,1082653.9037548206
2023-09-15 00:00:00+00:00,1070662.5127626713
2023-09-18 00:00:00+00:00,1070958.3953313343
2023-09-19 00:00:00+00:00,1068769.109316389
2023-09-20 00:00:00+00:00,1060310.0605117558
2023-09-21 00:00:00+00:00,1042415.2909960558
2023-09-22 00:00:00+00:00,1041640.8896694111
2023-09-25 00:00:00+00:00,1044844.7595247715
2023-09-26 00:00:00+00:00,1030633.2735076118
2023-09-27 00:00:00+00:00,1032348.9773158339
2023-09-28 00:00:00+00:00,1038893.6390466343
2023-09-29 00:00:00+00:00,1036298.5472840093
2023-10-02 00:00:00+00:00,1035743.8015221655
2023-10-03 00:00:00+00:00,1035743.8015221652
2023-10-04 00:00:00+00:00,1035743.8015221653
2023-10-05 00:00:00+00:00,1035666.8777884139
2023-10-06 00:00:00+00:00,1047749.053688853
2023-10-09 00:00:00+00:00,1052424.3631428343
2023-10-10 00:00:00+00:00,1052424.363142834
2023-10-11 00:00:00+00:00,1052424.363142834
2023-10-12 00:00:00+00:00,1052424.3631428338
2023-10-13 00:00:00+00:00,1052424.3631428338
2023-10-16 00:00:00+00:00,1052424.3631428338
2023-10-17 00:00:00+00:00,1052424.3631428338
2023-10-18 00:00:00+00:00,1052424.363142834
2023-10-19 00:00:00+00:00,1052424.3631428333
2023-10-20 00:00:00+00:00,1052424.3631428336
2023-10-23 00:00:00+00:00,1052424.3631428336
2023-10-24 00:00:00+00:00,1052424.363142834
2023-10-25 00:00:00+00:00,1052424.3631428338
2023-10-26 00:00:00+00:00,1052424.3631428338
2023-10-27 00:00:00+00:00,1052424.3631428333
2023-10-30 00:00:00+00:00,1052424.3631428338
2023-10-31 00:00:00+00:00,1052424.3631428338
2023-11-01 00:00:00+00:00,1052424.3631428336
2023-11-02 00:00:00+00:00,1052424.3631428329
2023-11-03 00:00:00+00:00,1052424.363142833
2023-11-06 00:00:00+00:00,1052424.3631428329
2023-11-07 00:00:00+00:00,1052424.3631428329
2023-11-08 00:00:00+00:00,1052424.3631428329
2023-11-09 00:00:00+00:00,1052424.3631428324
2023-11-10 00:00:00+00:00,1067951.4120234954
2023-11-13 00:00:00+00:00,1067951.4120234952
2023-11-14 00:00:00+00:00,1067951.4120234954
2023-11-15 00:00:00+00:00,1067951.412023495
2023-11-16 00:00:00+00:00,1067951.4120234945
2023-11-17 00:00:00+00:00,1067951.4120234943
2023-11-20 00:00:00+00:00,1075440.2727288394
2023-11-21 00:00:00+00:00,1075440.272728839
2023-11-22 00:00:00+00:00,1080467.0820166334
2023-11-24 00:00:00+00:00,1081353.6907496864
2023-11-27 00:00:00+00:00,1079615.2294149383
2023-11-28 00:00:00+00:00,1079708.58674168
2023-11-29 00:00:00+00:00,1081020.3516746815
2023-11-30 00:00:00+00:00,1084717.3452473627
2023-12-01 00:00:00+00:00,1093485.51432837
2023-12-04 00:00:00+00:00,1089106.3313107796
2023-12-05 00:00:00+00:00,1087016.80191148
2023-12-06 00:00:00+00:00,1083657.7711781997
2023-12-07 00:00:00+00:00,1091966.9052883314
2023-12-08 00:00:00+00:00,1096114.904299037
2023-12-11 00:00:00+00:00,1100650.7178787843
2023-12-12 00:00:00+00:00,1105889.8598855047
2023-12-13 00:00:00+00:00,1105889.8598855047
2023-12-14 00:00:00+00:00,1110922.2435661915
2023-12-15 00:00:00+00:00,1109829.1233150086
2023-12-18 00:00:00+00:00,1114358.5997908558
2023-12-19 00:00:00+00:00,1121705.097620445
2023-12-20 00:00:00+00:00,1106766.1371441153
2023-12-21 00:00:00+00:00,1118814.9671125906
2023-12-22 00:00:00+00:00,1120647.4825617827
2023-12-26 00:00:00+00:00,1125118.1149565724
2023-12-27 00:00:00+00:00,1126818.2782714947
2023-12-28 00:00:00+00:00,1127373.0349605337
2023-12-29 00:00:00+00:00,1123358.1592941838
2024-01-02 00:00:00+00:00,1114111.5959169648
2024-01-03 00:00:00+00:00,1102890.381840342
2024-01-04 00:00:00+00:00,1102890.381840342
2024-01-05 00:00:00+00:00,1104642.4753191888
2024-01-08 00:00:00+00:00,1104642.4753191888
2024-01-09 00:00:00+00:00,1104642.475319188
2024-01-10 00:00:00+00:00,1104642.475319188
2024-01-11 00:00:00+00:00,1104642.4753191879
2024-01-12 00:00:00+00:00,1104642.4753191883
2024-01-16 00:00:00+00:00,1104642.4753191886
2024-01-17 00:00:00+00:00,1104642.4753191886
2024-01-18 00:00:00+00:00,1104642.4753191893
2024-01-19 00:00:00+00:00,1104642.4753191893
2024-01-22 00:00:00+00:00,1104642.475319189
2024-01-23 00:00:00+00:00,1104642.475319189
2024-01-24 00:00:00+00:00,1104642.4753191897
2024-01-25 00:00:00+00:00,1104642.4753191895
2024-01-26 00:00:00+00:00,1104642.4753191897
2024-01-29 00:00:00+00:00,1104642.47531919
2024-01-30 00:00:00+00:00,1104642.4753191909
2024-01-31 00:00:00+00:00,1104642.4753191906
2024-02-01 00:00:00+00:00,1104642.4753191904
2024-02-02 00:00:00+00:00,1104642.475319191
2024-02-05 00:00:00+00:00,1104642.4753191906
2024-02-06 00:00:00+00:00,1104642.4753191909
2024-02-07 00:00:00+00:00,1104642.4753191918
2024-02-08 00:00:00+00:00,1104642.4753191913
2024-02-09 00:00:00+00:00,1104642.4753191918
2024-02-12 00:00:00+00:00,1104642.4753191918
2024-02-13 00:00:00+00:00,1104642.475319192
2024-02-14 00:00:00+00:00,1104642.4753191923
2024-02-15 00:00:00+00:00,1104642.4753191923
2024-02-16 00:00:00+00:00,1104642.475319192
2024-02-20 00:00:00+00:00,1097213.859697389
2024-02-21 00:00:00+00:00,1097182.1773549914
2024-02-22 00:00:00+00:00,1117218.0990800378
2024-02-23 00:00:00+00:00,1118427.53057635
2024-02-26 00:00:00+00:00,1118427.53057635
2024-02-27 00:00:00+00:00,1121578.0904539933
2024-02-28 00:00:00+00:00,1119441.3484710616
2024-02-29 00:00:00+00:00,1125394.6599735229
2024-03-01 00:00:00+00:00,1133968.9073784375
2024-03-04 00:00:00+00:00,1131586.5672635012
2024-03-05 00:00:00+00:00,1120058.185096999
2024-03-06 00:00:00+00:00,1125872.0467477364
2024-03-07 00:00:00+00:00,1136672.0956248203
2024-03-08 00:00:00+00:00,1130182.2863305926
2024-03-11 00:00:00+00:00,1127716.3085715403
2024-03-12 00:00:00+00:00,1138436.553116513
2024-03-13 00:00:00+00:00,1138325.7962448094
2024-03-14 00:00:00+00:00,1134720.81515297
2024-03-15 00:00:00+00:00,1128340.8745391045
2024-03-18 00:00:00+00:00,1133928.1204509118
2024-03-19 00:00:00+00:00,1139998.3773572112
2024-03-20 00:00:00+00:00,1150855.3852694584
2024-03-21 00:00:00+00:00,1155783.995354821
2024-03-22 00:00:00+00:00,1152744.3996978698
2024-03-25 00:00:00+00:00,1148899.3003120602
2024-03-26 00:00:00+00:00,1148899.3003120606
2024-03-27 00:00:00+00:00,1158601.9895521183
2024-03-28 00:00:00+00:00,1160315.1821951068
2024-04-01 00:00:00+00:00,1160315.1821951075
2024-04-02 00:00:00+00:00,1151191.9571523047
2024-04-03 00:00:00+00:00,1151191.9571523045
2024-04-04 00:00:00+00:00,1151191.9571523042
2024-04-05 00:00:00+00:00,1151191.9571523042
2024-04-08 00:00:00+00:00,1151191.9571523038
2024-04-09 00:00:00+00:00,1152476.579408057
2024-04-10 00:00:00+00:00,1140523.4061290002
2024-04-11 00:00:00+00:00,1140523.4061290005
2024-04-12 00:00:00+00:00,1140523.406129
2024-04-15 00:00:00+00:00,1140523.4061290002
2024-04-16 00:00:00+00:00,1140523.4061289995
2024-04-17 00:00:00+00:00,1140523.4061289993
2024-04-18 00:00:00+00:00,1140523.4061289998
2024-04-19 00:00:00+00:00,1140523.406129
2024-04-22 00:00:00+00:00,1140523.4061289988
2024-04-23 00:00:00+00:00,1140523.4061289988
2024-04-24 00:00:00+00:00,1140523.4061289993
2024-04-25 00:00:00+00:00,1140523.4061289993
2024-04-26 00:00:00+00:00,1140523.4061289993
2024-04-29 00:00:00+00:00,1140523.4061289995
2024-04-30 00:00:00+00:00,1140523.4061289995
2024-05-01 00:00:00+00:00,1140523.4061289998
2024-05-02 00:00:00+00:00,1140523.406129
2024-05-03 00:00:00+00:00,1140523.4061289995
2024-05-06 00:00:00+00:00,1140523.406128999
2024-05-07 00:00:00+00:00,1140523.406128999
2024-05-08 00:00:00+00:00,1140523.4061289986
2024-05-09 00:00:00+00:00,1140523.4061289988
2024-05-10 00:00:00+00:00,1140523.406128998
2024-05-13 00:00:00+00:00,1140523.4061289974
2024-05-14 00:00:00+00:00,1140523.4061289977
2024-05-15 00:00:00+00:00,1140523.4061289977
2024-05-16 00:00:00+00:00,1140523.4061289968
2024-05-17 00:00:00+00:00,1140523.4061289972
2024-05-20 00:00:00+00:00,1142641.5298702968
2024-05-21 00:00:00+00:00,1143777.3422064013
2024-05-22 00:00:00+00:00,1143777.3422064015
2024-05-23 00:00:00+00:00,1143777.3422064015
2024-05-24 00:00:00+00:00,1151354.1657601923
2024-05-28 00:00:00+00:00,1151354.1657601923
2024-05-29 00:00:00+00:00,1142608.5579246494
2024-05-30 00:00:00+00:00,1138139.7837674452
2024-05-31 00:00:00+00:00,1144482.5064739697
2024-06-03 00:00:00+00:00,1144294.5925285807
2024-06-04 00:00:00+00:00,1143029.6368352985
2024-06-05 00:00:00+00:00,1157535.2759809238
2024-06-06 00:00:00+00:00,1155875.9349971802
2024-06-07 00:00:00+00:00,1153348.7584497388
2024-06-10 00:00:00+00:00,1158081.9916531534
2024-06-11 00:00:00+00:00,1159230.3278582199
2024-06-12 00:00:00+00:00,1169913.8113489873
2024-06-13 00:00:00+00:00,1169913.8113489875
2024-06-14 00:00:00+00:00,1167599.3357213247
2024-06-17 00:00:00+00:00,1175784.3378650767
2024-06-18 00:00:00+00:00,1178829.5675835446
2024-06-20 00:00:00+00:00,1175221.4019713267
2024-06-21 00:00:00+00:00,1174708.1594560817
2024-06-24 00:00:00+00:00,1171232.6748463535
2024-06-25 00:00:00+00:00,1173777.299942554
2024-06-26 00:00:00+00:00,1174251.713930848
2024-06-27 00:00:00+00:00,1175824.2112479522
2024-06-28 00:00:00+00:00,1171409.5139098102
2024-07-01 00:00:00+00:00,1171125.685273006
2024-07-02 00:00:00+00:00,1171125.6852730056
2024-07-03 00:00:00+00:00,1171125.6852730056
2024-07-05 00:00:00+00:00,1171125.6852730052
2024-07-08 00:00:00+00:00,1171125.6852730056
2024-07-09 00:00:00+00:00,1171125.6852730056
2024-07-10 00:00:00+00:00,1171125.6852730059
2024-07-11 00:00:00+00:00,1171125.6852730059
2024-07-12 00:00:00+00:00,1171125.685273006
2024-07-15 00:00:00+00:00,1171125.6852730068
2024-07-16 00:00:00+00:00,1171125.685273007
2024-07-17 00:00:00+00:00,1171125.6852730068
2024-07-18 00:00:00+00:00,1171125.6852730075
2024-07-19 00:00:00+00:00,1171125.6852730075
2024-07-22 00:00:00+00:00,1171125.6852730068
2024-07-23 00:00:00+00:00,1171125.6852730066
2024-07-24 00:00:00+00:00,1171125.685273006
2024-07-25 00:00:00+00:00,1171125.6852730066
2024-07-26 00:00:00+00:00,1171125.685273006
2024-07-29 00:00:00+00:00,1171125.685273007
2024-07-30 00:00:00+00:00,1171125.6852730066
2024-07-31 00:00:00+00:00,1171125.6852730068
2024-08-01 00:00:00+00:00,1171125.685273007
2024-08-02 00:00:00+00:00,1171125.6852730075
2024-08-05 00:00:00+00:00,1171125.6852730073
2024-08-06 00:00:00+00:00,1171125.6852730068
2024-08-07 00:00:00+00:00,1171125.685273006
2024-08-08 00:00:00+00:00,1171125.685273006
2024-08-09 00:00:00+00:00,1171125.6852730059
2024-08-12 00:00:00+00:00,1171125.685273006
2024-08-13 00:00:00+00:00,1171125.6852730068
2024-08-14 00:00:00+00:00,1171125.6852730073
2024-08-15 00:00:00+00:00,1171125.6852730063
2024-08-16 00:00:00+00:00,1171125.685273006
2024-08-19 00:00:00+00:00,1171125.6852730068
2024-08-20 00:00:00+00:00,1168136.6755813363
2024-08-21 00:00:00+00:00,1174319.9414650311
2024-08-22 00:00:00+00:00,1174319.9414650307
2024-08-23 00:00:00+00:00,1174319.9414650314
2024-08-26 00:00:00+00:00,1174319.941465032
2024-08-27 00:00:00+00:00,1175728.211147153
2024-08-28 00:00:00+00:00,1168243.6521339086
2024-08-29 00:00:00+00:00,1170013.287473197
2024-08-30 00:00:00+00:00,1180331.6536071086
2024-09-03 00:00:00+00:00,1154596.4974969968
2024-09-04 00:00:00+00:00,1152547.7177549528
2024-09-05 00:00:00+00:00,1148860.010064738
2024-09-06 00:00:00+00:00,1131102.1782728352
2024-09-09 00:00:00+00:00,1142495.9076567113
2024-09-10 00:00:00+00:00,1145696.0422479503
2024-09-11 00:00:00+00:00,1158306.5510557902
2024-09-12 00:00:00+00:00,1167634.1920302336
2024-09-13 00:00:00+00:00,1176284.9956651747
2024-09-16 00:00:00+00:00,1178658.8116564357
2024-09-17 00:00:00+00:00,1180050.0950512642
2024-09-18 00:00:00+00:00,1177450.2928357543
2024-09-19 00:00:00+00:00,1197242.3358272624
2024-09-20 00:00:00+00:00,1195188.0856897992
2024-09-23 00:00:00+00:00,1197917.3874239346
2024-09-24 00:00:00+00:00,1200745.5157340802
2024-09-25 00:00:00+00:00,1197245.5473442087
2024-09-26 00:00:00+00:00,1203216.1825567617
2024-09-27 00:00:00+00:00,1201536.895076748
2024-09-30 00:00:00+00:00,1205076.3278525653
2024-10-01 00:00:00+00:00,1195754.3224941294
2024-10-02 00:00:00+00:00,1195754.3224941292
2024-10-03 00:00:00+00:00,1195754.3224941285
2024-10-04 00:00:00+00:00,1206480.0436619145
2024-10-07 00:00:00+00:00,1206480.043661914
2024-10-08 00:00:00+00:00,1206480.0436619138
2024-10-09 00:00:00+00:00,1206480.0436619136
2024-10-10 00:00:00+00:00,1206480.0436619138
2024-10-11 00:00:00+00:00,1206480.043661914
2024-10-14 00:00:00+00:00,1214525.8939809953
2024-10-15 00:00:00+00:00,1214525.8939809946
2024-10-16 00:00:00+00:00,1214525.8939809948
2024-10-17 00:00:00+00:00,1214525.8939809955
2024-10-18 00:00:00+00:00,1214525.8939809953
2024-10-21 00:00:00+00:00,1214525.8939809953
2024-10-22 00:00:00+00:00,1214525.8939809955
2024-10-23 00:00:00+00:00,1214525.8939809953
2024-10-24 00:00:00+00:00,1214525.8939809948
2024-10-25 00:00:00+00:00,1214525.8939809955
2024-10-28 00:00:00+00:00,1214525.893980995
2024-10-29 00:00:00+00:00,1214525.893980996
2024-10-30 00:00:00+00:00,1214525.8939809965
2024-10-31 00:00:00+00:00,1214525.893980997
2024-11-01 00:00:00+00:00,1214525.893980996
2024-11-04 00:00:00+00:00,1214525.893980996
2024-11-05 00:00:00+00:00,1214525.893980997
2024-11-06 00:00:00+00:00,1214525.8939809967
2024-11-07 00:00:00+00:00,1214525.8939809971
2024-11-08 00:00:00+00:00,1214525.8939809965
2024-11-11 00:00:00+00:00,1217657.6816639665
2024-11-12 00:00:00+00:00,1217657.681663966
2024-11-13 00:00:00+00:00,1217657.6816639665
2024-11-14 00:00:00+00:00,1217657.681663967
2024-11-15 00:00:00+00:00,1217657.6816639667
2024-11-18 00:00:00+00:00,1217657.6816639672
2024-11-19 00:00:00+00:00,1223313.731335492
2024-11-20 00:00:00+00:00,1225352.9306584313
2024-11-21 00:00:00+00:00,1234007.6632654092
2024-11-22 00:00:00+00:00,1240111.3729946134
2024-11-25 00:00:00+00:00,1246679.5962985302
2024-11-26 00:00:00+00:00,1246679.5962985293
2024-11-27 00:00:00+00:00,1242583.034552032
2024-11-29 00:00:00+00:00,1248490.7562941455
2024-12-02 00:00:00+00:00,1250946.8637779355
2024-12-03 00:00:00+00:00,1251243.8956785433
2024-12-04 00:00:00+00:00,1259190.6709842242
2024-12-05 00:00:00+00:00,1253816.4169606867
2024-12-06 00:00:00+00:00,1253816.4169606867
2024-12-09 00:00:00+00:00,1246289.9265908122
2024-12-10 00:00:00+00:00,1241357.4669646607
2024-12-11 00:00:00+00:00,1251178.1797690166
2024-12-12 00:00:00+00:00,1243640.2635877568
2024-12-13 00:00:00+00:00,1241081.4373318804
2024-12-16 00:00:00+00:00,1245163.8232471836
2024-12-17 00:00:00+00:00,1238772.0387735618
2024-12-18 00:00:00+00:00,1202534.9711272605
2024-12-19 00:00:00+00:00,1201440.0171448924
2024-12-20 00:00:00+00:00,1213551.7024799355
2024-12-23 00:00:00+00:00,1213551.7024799364
2024-12-24 00:00:00+00:00,1224479.9037413727
2024-12-26 00:00:00+00:00,1225194.8057063126
2024-12-27 00:00:00+00:00,1212763.847984393
2024-12-30 00:00:00+00:00,1201577.175396823
2024-12-31 00:00:00+00:00,1197810.6510234596
2025-01-02 00:00:00+00:00,1198235.2944008755
2025-01-03 00:00:00+00:00,1198235.2944008757
2025-01-06 00:00:00+00:00,1198235.2944008752
2025-01-07 00:00:00+00:00,1198235.2944008745
2025-01-08 00:00:00+00:00,1198235.294400875
2025-01-10 00:00:00+00:00,1198235.294400875
2025-01-13 00:00:00+00:00,1198235.2944008745
2025-01-14 00:00:00+00:00,1198235.2944008752
2025-01-15 00:00:00+00:00,1198235.2944008755
2025-01-16 00:00:00+00:00,1198235.2944008755
2025-01-17 00:00:00+00:00,1198235.294400875
2025-01-21 00:00:00+00:00,1198235.2944008743
2025-01-22 00:00:00+00:00,1198235.294400874
2025-01-23 00:00:00+00:00,1198235.2944008748
2025-01-24 00:00:00+00:00,1198235.294400874
2025-01-27 00:00:00+00:00,1198235.294400875
2025-01-28 00:00:00+00:00,1198235.2944008755
2025-01-29 00:00:00+00:00,1198235.2944008757
2025-01-30 00:00:00+00:00,1198235.294400876
2025-01-31 00:00:00+00:00,1198235.294400876
2025-02-03 00:00:00+00:00,1198235.2944008757
2025-02-04 00:00:00+00:00,1198235.294400875
2025-02-05 00:00:00+00:00,1198235.2944008755
2025-02-06 00:00:00+00:00,1198235.2944008745
2025-02-07 00:00:00+00:00,1198235.2944008748
2025-02-10 00:00:00+00:00,1198235.294400874
2025-02-11 00:00:00+00:00,1198235.294400874
2025-02-12 00:00:00+00:00,1198235.2944008743
2025-02-13 00:00:00+00:00,1198235.294400874
2025-02-14 00:00:00+00:00,1198235.2944008743
2025-02-18 00:00:00+00:00,1198235.2944008738
2025-02-19 00:00:00+00:00,1198235.294400874
2025-02-20 00:00:00+00:00,1191051.469803105
2025-02-21 00:00:00+00:00,1168881.2942803248
2025-02-24 00:00:00+00:00,1162168.2444541985
2025-02-25 00:00:00+00:00,1157931.8893141132
2025-02-26 00:00:00+00:00,1157931.889314113
2025-02-27 00:00:00+00:00,1157931.8893141134
2025-02-28 00:00:00+00:00,1172960.3648076686
2025-03-03 00:00:00+00:00,1152652.1726665138
2025-03-04 00:00:00+00:00,1140476.0571978649
2025-03-05 00:00:00+00:00,1154059.307589573
2025-03-06 00:00:00+00:00,1131879.395722878
2025-03-07 00:00:00+00:00,1135897.991604884
2025-03-10 00:00:00+00:00,1104936.6423695781
2025-03-11 00:00:00+00:00,1099975.1925277335
2025-03-12 00:00:00+00:00,1105891.7303616747
2025-03-13 00:00:00+00:00,1105891.730361675
2025-03-14 00:00:00+00:00,1129169.9679045267
2025-03-17 00:00:00+00:00,1139129.3900361243
2025-03-18 00:00:00+00:00,1127328.046273142
2025-03-19 00:00:00+00:00,1140420.4497021178
2025-03-20 00:00:00+00:00,1137560.3376828781
2025-03-21 00:00:00+00:00,1137595.630244526
2025-03-24 00:00:00+00:00,1158485.8945231366
2025-03-25 00:00:00+00:00,1160110.0785336203
2025-03-26 00:00:00+00:00,1145466.6282565226
2025-03-27 00:00:00+00:00,1140519.37374015
2025-03-28 00:00:00+00:00,1118576.5293897982
2025-03-31 00:00:00+00:00,1122176.1863145821
2025-04-01 00:00:00+00:00,1127130.7432109206
2025-04-02 00:00:00+00:00,1127130.74321092
2025-04-03 00:00:00+00:00,1073792.0258479223
2025-04-04 00:00:00+00:00,1073792.025847922
2025-04-07 00:00:00+00:00,1073792.0258479218
2025-04-08 00:00:00+00:00,1073792.0258479223
2025-04-09 00:00:00+00:00,1073792.0258479228
2025-04-10 00:00:00+00:00,1073792.0258479223
2025-04-11 00:00:00+00:00,1073792.025847922
2025-04-14 00:00:00+00:00,1073792.0258479218
2025-04-15 00:00:00+00:00,1073792.0258479223
2025-04-16 00:00:00+00:00,1073792.025847922
2025-04-17 00:00:00+00:00,1073792.0258479223
2025-04-21 00:00:00+00:00,1073792.0258479216
2025-04-22 00:00:00+00:00,1073792.0258479216
2025-04-23 00:00:00+00:00,1073792.0258479225
2025-04-24 00:00:00+00:00,1073792.0258479218
2025-04-25 00:00:00+00:00,1073792.0258479223
2025-04-28 00:00:00+00:00,1073792.025847922
2025-04-29 00:00:00+00:00,1073792.0258479223
2025-04-30 00:00:00+00:00,1073792.025847922
2025-05-01 00:00:00+00:00,1073792.0258479223
2025-05-02 00:00:00+00:00,1073792.0258479223
2025-05-05 00:00:00+00:00,1073792.0258479223
2025-05-06 00:00:00+00:00,1073792.025847922
2025-05-07 00:00:00+00:00,1073792.0258479214
2025-05-08 00:00:00+00:00,1073792.025847921
2025-05-09 00:00:00+00:00,1073792.025847921
2025-05-12 00:00:00+00:00,1073792.0258479211
2025-05-13 00:00:00+00:00,1073792.0258479211
2025-05-14 00:00:00+00:00,1073792.0258479211
2025-05-15 00:00:00+00:00,1073792.0258479214
2025-05-16 00:00:00+00:00,1073792.0258479218
2025-05-19 00:00:00+00:00,1073792.025847922
2025-05-20 00:00:00+00:00,1070290.1572951197
2025-05-21 00:00:00+00:00,1053489.2950075252
2025-05-22 00:00:00+00:00,1052945.284552956
2025-05-23 00:00:00+00:00,1047008.9939623985
2025-05-27 00:00:00+00:00,1047008.9939623986
2025-05-28 00:00:00+00:00,1047008.9939623981
2025-05-29 00:00:00+00:00,1049441.6204681387
2025-05-30 00:00:00+00:00,1050254.2448080261
2025-06-02 00:00:00+00:00,1054466.8963223188
2025-06-03 00:00:00+00:00,1060963.1137170147
2025-06-04 00:00:00+00:00,1062714.2487765418
2025-06-05 00:00:00+00:00,1060430.651858937
2025-06-06 00:00:00+00:00,1070491.2770345283
2025-06-09 00:00:00+00:00,1070142.9010731336
2025-06-10 00:00:00+00:00,1074168.585195204
2025-06-11 00:00:00+00:00,1071715.22479954
2025-06-12 00:00:00+00:00,1074822.0652784093
2025-06-13 00:00:00+00:00,1062259.2135944779
2025-06-16 00:00:00+00:00,1072389.7381278153
2025-06-17 00:00:00+00:00,1064651.83827314
2025-06-18 00:00:00+00:00,1063547.8781734277
2025-06-20 00:00:00+00:00,1060772.490687576
2025-06-23 00:00:00+00:00,1069049.2089125575
2025-06-24 00:00:00+00:00,1081420.3566911696
2025-06-25 00:00:00+00:00,1079810.0950432203
2025-06-26 00:00:00+00:00,1089094.1356904735
2025-06-27 00:00:00+00:00,1095031.1299068239
2025-06-30 00:00:00+00:00,1100095.1449893708
2025-07-01 00:00:00+00:00,1099899.6161149123
2025-07-02 00:00:00+00:00,1104560.6827937618
2025-07-03 00:00:00+00:00,1113703.6672128132
2025-07-07 00:00:00+00:00,1113703.6672128136
2025-07-08 00:00:00+00:00,1113703.667212814
2025-07-09 00:00:00+00:00,1113703.6672128134
2025-07-10 00:00:00+00:00,1113703.6672128139
2025-07-11 00:00:00+00:00,1113703.667212814
2025-07-14 00:00:00+00:00,1113703.667212814
2025-07-15 00:00:00+00:00,1113703.6672128136
2025-07-16 00:00:00+00:00,1113703.6672128139
2025-07-17 00:00:00+00:00,1113703.6672128139
2025-07-18 00:00:00+00:00,1113703.667212814
2025-07-21 00:00:00+00:00,1113703.6672128146
2025-07-22 00:00:00+00:00,1113703.6672128146
2025-07-23 00:00:00+00:00,1113703.667212815
2025-07-24 00:00:00+00:00,1113703.6672128146
2025-07-25 00:00:00+00:00,1113703.6672128146
2025-07-28 00:00:00+00:00,1113703.6672128148
2025-07-29 00:00:00+00:00,1113703.6672128148
2025-07-30 00:00:00+00:00,1113703.667212815
2025-07-31 00:00:00+00:00,1113703.6672128153
2025-08-01 00:00:00+00:00,1113703.6672128155
2025-08-04 00:00:00+00:00,1113703.6672128143
2025-08-05 00:00:00+00:00,1113703.667212815
2025-08-06 00:00:00+00:00,1113703.6672128146
2025-08-07 00:00:00+00:00,1113703.6672128148
2025-08-08 00:00:00+00:00,1113703.667212815
2025-08-11 00:00:00+00:00,1113703.6672128155
2025-08-12 00:00:00+00:00,1113703.6672128157
2025-08-13 00:00:00+00:00,1113703.6672128153
2025-08-14 00:00:00+00:00,1113703.6672128153
2025-08-15 00:00:00+00:00,1113703.6672128148
2025-08-18 00:00:00+00:00,1113703.667212815
2025-08-19 00:00:00+00:00,1107197.1972048166
2025-08-20 00:00:00+00:00,1104402.9296507973
2025-08-21 00:00:00+00:00,1101118.7635384891
2025-08-22 00:00:00+00:00,1119136.801639153
2025-08-25 00:00:00+00:00,1113867.8669742907
2025-08-26 00:00:00+00:00,1119327.453173812
2025-08-27 00:00:00+00:00,1121230.7110152934
2025-08-28 00:00:00+00:00,1125564.9951947832
2025-08-29 00:00:00+00:00,1119463.097414803
2025-08-30 00:00:00+00:00,1119463.097414803
