ticker,nameOfIssuer,cusip,value,shares,allocation_percent,filingDate,reportDate,accessionNumber
AAPL,APPLE INC,037833100,2895078000.0,21138128,5.499511231048093,2021-08-17,2021-06-30,0001608046-21-000006
MSFT,MICROSOFT CORP,594918104,2420525000.0,8935125,4.598046899783938,2021-08-17,2021-06-30,0001608046-21-000006
PBUS,INVESCO EXCH TRADED FD TR II,46138E461,2019055000.0,46068017,3.8354115670126356,2021-08-17,2021-06-30,0001608046-21-000006
AMZN,AMAZON COM INC,023135106,1834820000.0,533353,3.485437420667651,2021-08-17,2021-06-30,0001608046-21-000006
META,FACEBOOK INC,30303M102,1083925000.0,3117326,2.0590318157624092,2021-08-17,2021-06-30,0001608046-21-000006
IVV,ISHARES TR,464287200,991806000.0,2306955,1.8840418931790042,2021-08-17,2021-06-30,0001608046-21-000006
GOOG,ALPHABET INC,02079K107,974896000.0,388975,1.8519195341555088,2021-08-17,2021-06-30,0001608046-21-000006
GOOGL,ALPHABET INC,02079K305,961015000.0,393570,1.8255510855685695,2021-08-17,2021-06-30,0001608046-21-000006
TSLA,TESLA INC,88160R101,650291000.0,956732,1.2352975145918332,2021-08-17,2021-06-30,0001608046-21-000006
NVDA,NVIDIA CORPORATION,67066G104,637787000.0,797134,1.2115448252228334,2021-08-17,2021-06-30,0001608046-21-000006
JPM,JPMORGAN CHASE & CO,46625H100,583364000.0,3750575,1.108162498485063,2021-08-17,2021-06-30,0001608046-21-000006
JNJ,JOHNSON & JOHNSON,478160104,538696000.0,3269976,1.0233108407167901,2021-08-17,2021-06-30,0001608046-21-000006
V,VISA INC,92826C839,500253000.0,2139479,0.9502842382365869,2021-08-17,2021-06-30,0001608046-21-000006
BRK/B,BERKSHIRE HATHAWAY INC DEL,084670702,469485000.0,1689281,0.8918371215934818,2021-08-17,2021-06-30,0001608046-21-000006
UNH,UNITEDHEALTH GROUP INC,91324P102,465938000.0,1163566,0.885099214588376,2021-08-17,2021-06-30,0001608046-21-000006
HD,HOME DEPOT INC,437076102,439533000.0,1378323,0.8349400844869332,2021-08-17,2021-06-30,0001608046-21-000006
DIS,DISNEY WALT CO,254687106,415016000.0,2361132,0.7883674129210526,2021-08-17,2021-06-30,0001608046-21-000006
MA,MASTERCARD INCORPORATED,57636Q104,412121000.0,1128821,0.7828680498593721,2021-08-17,2021-06-30,0001608046-21-000006
PG,PROCTER AND GAMBLE CO,742718109,411942000.0,3053002,0.7825280201571126,2021-08-17,2021-06-30,0001608046-21-000006
PYPL,PAYPAL HLDGS INC,70450Y103,411405000.0,1411435,0.7815079310503346,2021-08-17,2021-06-30,0001608046-21-000006
BAC,BK OF AMERICA CORP,060505104,400574000.0,9715600,0.7609332846527309,2021-08-17,2021-06-30,0001608046-21-000006
ADBE,ADOBE SYSTEMS INCORPORATED,00724F101,370816000.0,633180,0.7044047713575695,2021-08-17,2021-06-30,0001608046-21-000006
CMCSA,COMCAST CORP NEW,20030N101,346801000.0,6082091,0.6587857026438354,2021-08-17,2021-06-30,0001608046-21-000006
BAC,VERIZON COMMUNICATIONS INC,92343V104,314745000.0,5617432,0.597891891830283,2021-08-17,2021-06-30,0001608046-21-000006
XOM,EXXON MOBIL CORP,30231G102,313664000.0,4972480,0.5958384163658005,2021-08-17,2021-06-30,0001608046-21-000006
NFLX,NETFLIX INC,64110L106,308436000.0,583926,0.5859072695310971,2021-08-17,2021-06-30,0001608046-21-000006
CSCO,CISCO SYS INC,17275R102,303769000.0,5731499,0.5770418023777764,2021-08-17,2021-06-30,0001608046-21-000006
INTC,INTEL CORP,458140100,302226000.0,5383443,0.5741107083521553,2021-08-17,2021-06-30,0001608046-21-000006
CRM,SALESFORCE COM INC,79466L302,287532000.0,1177106,0.5461978790504851,2021-08-17,2021-06-30,0001608046-21-000006
PFE,PFIZER INC,717081103,280852000.0,7171912,0.533508502452203,2021-08-17,2021-06-30,0001608046-21-000006
T,AT&T INC,00206R102,279100000.0,9697710,0.5301803905060668,2021-08-17,2021-06-30,0001608046-21-000006
KO,COCA COLA CO,191216100,275639000.0,5094051,0.5236058497266275,2021-08-17,2021-06-30,0001608046-21-000006
AVGO,BROADCOM INC,11135F101,261656000.0,548730,0.49704364119761885,2021-08-17,2021-06-30,0001608046-21-000006
PEP,PEPSICO INC,713448108,256225000.0,1729262,0.4867268740860515,2021-08-17,2021-06-30,0001608046-21-000006
MRK,MERCK & CO INC,58933Y105,256205000.0,3294399,0.48668888194054766,2021-08-17,2021-06-30,0001608046-21-000006
ABT,ABBOTT LABS,002824100,255961000.0,2207894,0.48622537776540076,2021-08-17,2021-06-30,0001608046-21-000006
NKE,NIKE INC,654106103,254529000.0,1647546,0.48350514014732593,2021-08-17,2021-06-30,0001608046-21-000006
ABBV,ABBVIE INC,00287Y109,254046000.0,2255376,0.4825876298334082,2021-08-17,2021-06-30,0001608046-21-000006
TMO,THERMO FISHER SCIENTIFIC INC,883556102,253802000.0,503106,0.4821241256582614,2021-08-17,2021-06-30,0001608046-21-000006
LLY,LILLY ELI & CO,532457108,253796000.0,1105767,0.48211272801461025,2021-08-17,2021-06-30,0001608046-21-000006
WMT,WALMART INC,931142103,252837000.0,1792913,0.4802910046377012,2021-08-17,2021-06-30,0001608046-21-000006
CVX,CHEVRON CORP NEW,166764100,241123000.0,2302107,0.458039005016103,2021-08-17,2021-06-30,0001608046-21-000006
MCD,MCDONALDS CORP,580135101,235048000.0,1017567,0.446498890819312,2021-08-17,2021-06-30,0001608046-21-000006
TXN,TEXAS INSTRS INC,882508104,234356000.0,1218702,0.44518436258487915,2021-08-17,2021-06-30,0001608046-21-000006
WFC,WELLS FARGO CO NEW,949746101,226602000.0,5003358,0.43045480777304096,2021-08-17,2021-06-30,0001608046-21-000006
DHR,DANAHER CORPORATION,235851102,221702000.0,826138,0.4211467321246005,2021-08-17,2021-06-30,0001608046-21-000006
COST,COSTCO WHSL CORP NEW,22160K105,219811000.0,555542,0.41755457476721264,2021-08-17,2021-06-30,0001608046-21-000006
QCOM,QUALCOMM INC,747525103,214815000.0,1502937,0.40806413682035375,2021-08-17,2021-06-30,0001608046-21-000006
PM,PHILIP MORRIS INTL INC,718172109,209434000.0,2113149,0.39784235007254604,2021-08-17,2021-06-30,0001608046-21-000006
ORCL,ORACLE CORP,68389X105,207198000.0,2661841,0.3935948282052169,2021-08-17,2021-06-30,0001608046-21-000006
UPS,UNITED PARCEL SERVICE INC,911312106,205035000.0,985889,0.38948597766897675,2021-08-17,2021-06-30,0001608046-21-000006
BMY,BRISTOL-MYERS SQUIBB CO,110122108,198760000.0,2974554,0.3775659420171474,2021-08-17,2021-06-30,0001608046-21-000006
HON,HONEYWELL INTL INC,438516106,196520000.0,895921,0.3733108217207175,2021-08-17,2021-06-30,0001608046-21-000006
AMAT,APPLIED MATLS INC,038222105,192279000.0,1350271,0.36525458726662846,2021-08-17,2021-06-30,0001608046-21-000006
LOW,LOWES COS INC,548661107,192173000.0,990738,0.36505322889545816,2021-08-17,2021-06-30,0001608046-21-000006
UNP,UNION PAC CORP,907818108,190770000.0,867412,0.36238807988836386,2021-08-17,2021-06-30,0001608046-21-000006
C,CITIGROUP INC,172967424,189121000.0,2673090,0.3592556274915724,2021-08-17,2021-06-30,0001608046-21-000006
NEE,NEXTERA ENERGY INC,65339F101,184650000.0,2519783,0.3507624833641893,2021-08-17,2021-06-30,0001608046-21-000006
AMGN,AMGEN INC,031162100,183872000.0,754345,0.34928458890409,2021-08-17,2021-06-30,0001608046-21-000006
IBM,INTERNATIONAL BUSINESS MACHS,459200101,183725000.0,1253323,0.3490053466346368,2021-08-17,2021-06-30,0001608046-21-000006
SBUX,STARBUCKS CORP,855244109,182929000.0,1636072,0.347493259243584,2021-08-17,2021-06-30,0001608046-21-000006
DWD,MORGAN STANLEY,617446448,177052000.0,1930986,0.336329267287281,2021-08-17,2021-06-30,0001608046-21-000006
BLKCHF,BLACKROCK INC,09247X101,174343000.0,199256,0.3311832311787861,2021-08-17,2021-06-30,0001608046-21-000006
RTX,RAYTHEON TECHNOLOGIES CORP,75513E101,174191000.0,2041856,0.3308944908729569,2021-08-17,2021-06-30,0001608046-21-000006
INTU,INTUIT,461202103,174186000.0,355359,0.33088499283658096,2021-08-17,2021-06-30,0001608046-21-000006
TGT,TARGET CORP,87612E106,174166000.0,720469,0.33084700069107714,2021-08-17,2021-06-30,0001608046-21-000006
GS,GOLDMAN SACHS GROUP INC,38141G104,171367000.0,451524,0.3255299999278149,2021-08-17,2021-06-30,0001608046-21-000006
AMT,AMERICAN TOWER CORP NEW,03027X100,166566000.0,616591,0.3164099853996185,2021-08-17,2021-06-30,0001608046-21-000006
AMD,ADVANCED MICRO DEVICES INC,007903107,161232000.0,1716509,0.30627748019374473,2021-08-17,2021-06-30,0001608046-21-000006
CAT,CATERPILLAR INC,149123101,159158000.0,731323,0.3023376947049967,2021-08-17,2021-06-30,0001608046-21-000006
BA,BOEING CO,097023105,158836000.0,663031,0.3017260211623849,2021-08-17,2021-06-30,0001608046-21-000006
MMM,3M CO,88579Y101,151559000.0,763023,0.28790257902081323,2021-08-17,2021-06-30,0001608046-21-000006
CVS,CVS HEALTH CORP,126650100,150412000.0,1802642,0.2857237294761681,2021-08-17,2021-06-30,0001608046-21-000006
SCHW,SCHWAB CHARLES CORP,808513105,150254000.0,2063639,0.2854235915266878,2021-08-17,2021-06-30,0001608046-21-000006
AXP,AMERICAN EXPRESS CO,025816109,146595000.0,887218,0.27847292850676053,2021-08-17,2021-06-30,0001608046-21-000006
DE,DEERE & CO,244199105,144657000.0,410131,0.27479148960743854,2021-08-17,2021-06-30,0001608046-21-000006
CHTR,CHARTER COMMUNICATIONS INC N,16119P108,144004000.0,199603,0.27355104605673825,2021-08-17,2021-06-30,0001608046-21-000006
NOW,SERVICENOW INC,81762P102,140895000.0,256382,0.26764516703816654,2021-08-17,2021-06-30,0001608046-21-000006
MU,MICRON TECHNOLOGY INC,595112103,140770000.0,1656507,0.26740771612876757,2021-08-17,2021-06-30,0001608046-21-000006
SPGI,S&P GLOBAL INC,78409V104,139868000.0,340768,0.2656942703665444,2021-08-17,2021-06-30,0001608046-21-000006
ISRG,INTUITIVE SURGICAL INC,46120E602,139171000.0,151332,0.2643702440957357,2021-08-17,2021-06-30,0001608046-21-000006
N/A,LAM RESEARCH CORP,512807108,133492000.0,205151,0.2535823743799207,2021-08-17,2021-06-30,0001608046-21-000006
LMT,LOCKHEED MARTIN CORP,539830109,129923000.0,343395,0.24680267601476072,2021-08-17,2021-06-30,0001608046-21-000006
ELV,ANTHEM INC,036752103,128946000.0,337732,0.2449467597068982,2021-08-17,2021-06-30,0001608046-21-000006
EWP,ISHARES INC,464286764,128796000.0,4531893,0.2446618186156194,2021-08-17,2021-06-30,0001608046-21-000006
XYZ,SQUARE INC,852234103,128519000.0,527150,0.24413562740039124,2021-08-17,2021-06-30,0001608046-21-000006
PLD,PROLOGIS INC.,74340W103,127687000.0,1068244,0.24255515414743156,2021-08-17,2021-06-30,0001608046-21-000006
ZTS,ZOETIS INC,98978V103,127554000.0,684447,0.24230250637983106,2021-08-17,2021-06-30,0001608046-21-000006
MO,ALTRIA GROUP INC,02209S103,124064000.0,2602013,0.23567287698941122,2021-08-17,2021-06-30,0001608046-21-000006
GM,GENERAL MTRS CO,37045V100,123710000.0,2090749,0.23500041601399327,2021-08-17,2021-06-30,0001608046-21-000006
FIS,FIDELITY NATL INFORMATION SV,31620M106,122027000.0,861347,0.23180337696984527,2021-08-17,2021-06-30,0001608046-21-000006
GILD,GILEAD SCIENCES INC,375558103,121778000.0,1768483,0.23133037475832247,2021-08-17,2021-06-30,0001608046-21-000006
BKNG,BOOKING HOLDINGS INC,09857L108,120187000.0,54928,0.22830809958349213,2021-08-17,2021-06-30,0001608046-21-000006
TMUS,T-MOBILE US INC,872590104,119847000.0,827503,0.22766223310992684,2021-08-17,2021-06-30,0001608046-21-000006
MDLZ,MONDELEZ INTL INC,609207105,119227000.0,1909470,0.22648447659930787,2021-08-17,2021-06-30,0001608046-21-000006
ADP,AUTOMATIC DATA PROCESSING IN,053015103,118342000.0,595821,0.224803324160763,2021-08-17,2021-06-30,0001608046-21-000006
TJX,TJX COS INC NEW,872540109,116838000.0,1732988,0.22194631481887434,2021-08-17,2021-06-30,0001608046-21-000006
CI,CIGNA CORP NEW,125523100,116758000.0,492506,0.221794346236859,2021-08-17,2021-06-30,0001608046-21-000006
8CW,CROWN CASTLE INTL CORP NEW,22822V101,116092000.0,595040,0.22052920779158117,2021-08-17,2021-06-30,0001608046-21-000006
ATVIEUR,ACTIVISION BLIZZARD INC,00507V109,115877000.0,1214138,0.2201207922274149,2021-08-17,2021-06-30,0001608046-21-000006
SYK,STRYKER CORPORATION,863667101,115531000.0,444813,0.21946352811019848,2021-08-17,2021-06-30,0001608046-21-000006
FDX,FEDEX CORP,31428X106,115388000.0,386781,0.21919188426984607,2021-08-17,2021-06-30,0001608046-21-000006
COF,CAPITAL ONE FINL CORP,14040H105,109183000.0,705815,0.20740482112728015,2021-08-17,2021-06-30,0001608046-21-000006
PNC,PNC FINL SVCS GROUP INC,693475105,108007000.0,566191,0.20517088297165442,2021-08-17,2021-06-30,0001608046-21-000006
EL,LAUDER ESTEE COS INC,518439104,106169000.0,333782,0.20167940479985166,2021-08-17,2021-06-30,0001608046-21-000006
CSX,CSX CORP,126408103,105963000.0,3303084,0.20128808570116213,2021-08-17,2021-06-30,0001608046-21-000006
ITW,ILLINOIS TOOL WKS INC,452308109,104572000.0,467757,0.19864573198137017,2021-08-17,2021-06-30,0001608046-21-000006
MMC,MARSH & MCLENNAN COS INC,571748102,104561000.0,743253,0.19862483630134303,2021-08-17,2021-06-30,0001608046-21-000006
MRNA,MODERNA INC,60770K107,104447000.0,444493,0.19840828107197117,2021-08-17,2021-06-30,0001608046-21-000006
ZM,ZOOM VIDEO COMMUNICATIONS IN,98980L101,104225000.0,269294,0.19798656825687858,2021-08-17,2021-06-30,0001608046-21-000006
DUK,DUKE ENERGY CORP NEW,26441C204,104004000.0,1053527,0.19756675504906113,2021-08-17,2021-06-30,0001608046-21-000006
USB,US BANCORP DEL,902973304,103452000.0,1815903,0.1965181718331552,2021-08-17,2021-06-30,0001608046-21-000006
CL,COLGATE PALMOLIVE CO,194162103,102126000.0,1255388,0.1939992925862507,2021-08-17,2021-06-30,0001608046-21-000006
COP,CONOCOPHILLIPS,20825C104,101148000.0,1660890,0.192141476671113,2021-08-17,2021-06-30,0001608046-21-000006
ADI,ANALOG DEVICES INC,032654105,100705000.0,584949,0.191299950648203,2021-08-17,2021-06-30,0001608046-21-000006
BX,BLACKSTONE GROUP INC,09260D107,100445000.0,1034018,0.19080605275665308,2021-08-17,2021-06-30,0001608046-21-000006
TFC,TRUIST FINL CORP,89832Q109,99189000.0,1787185,0.18842014601901202,2021-08-17,2021-06-30,0001608046-21-000006
EQIX,EQUINIX INC,29444U700,99095000.0,123468,0.18824158293514398,2021-08-17,2021-06-30,0001608046-21-000006
F,FORD MTR CO DEL,345370860,97915000.0,6589174,0.18600004635041753,2021-08-17,2021-06-30,0001608046-21-000006
ICE,INTERCONTINENTAL EXCHANGE IN,45866F104,97132000.0,818302,0.18451265385394225,2021-08-17,2021-06-30,0001608046-21-000006
CME,CME GROUP INC,12572Q105,96979000.0,455984,0.18422201394083787,2021-08-17,2021-06-30,0001608046-21-000006
SO,SOUTHERN CO,842587107,96568000.0,1595899,0.18344127535073398,2021-08-17,2021-06-30,0001608046-21-000006
MELI,MERCADOLIBRE INC,58733R102,96167000.0,61733,0.182679532833382,2021-08-17,2021-06-30,0001608046-21-000006
BDX,BECTON DICKINSON & CO,075887109,96064000.0,395016,0.18248387328403726,2021-08-17,2021-06-30,0001608046-21-000006
NSC,NORFOLK SOUTHN CORP,655844108,94617000.0,356495,0.17973514155683454,2021-08-17,2021-06-30,0001608046-21-000006
SHW,SHERWIN WILLIAMS CO,824348106,93562000.0,343411,0.17773105588150706,2021-08-17,2021-06-30,0001608046-21-000006
SNAP,SNAP INC,83304A106,93090000.0,1366153,0.17683444124761646,2021-08-17,2021-06-30,0001608046-21-000006
EBA,EBAY INC.,278642103,92455000.0,1316831,0.17562819062786958,2021-08-17,2021-06-30,0001608046-21-000006
ILMN,ILLUMINA INC,452327109,90147000.0,190501,0.17124389703672663,2021-08-17,2021-06-30,0001608046-21-000006
REGN,REGENERON PHARMACEUTICALS,75886F107,89908000.0,160970,0.17078989089795577,2021-08-17,2021-06-30,0001608046-21-000006
MCO,MOODYS CORP,615369105,88998000.0,245601,0.1690612482775311,2021-08-17,2021-06-30,0001608046-21-000006
EMR,EMERSON ELEC CO,291011104,88784000.0,922530,0.16865473232064002,2021-08-17,2021-06-30,0001608046-21-000006
HCA,HCA HEALTHCARE INC,40412C101,88495000.0,428049,0.16810574581810955,2021-08-17,2021-06-30,0001608046-21-000006
EW,EDWARDS LIFESCIENCES CORP,28176E108,88470000.0,854206,0.16805825563622978,2021-08-17,2021-06-30,0001608046-21-000006
APD,AIR PRODS & CHEMS INC,009158106,88028000.0,305992,0.16721862922059494,2021-08-17,2021-06-30,0001608046-21-000006
BIIB,BIOGEN INC,09062X103,87822000.0,253622,0.1668273101219054,2021-08-17,2021-06-30,0001608046-21-000006
NOC,NORTHROP GRUMMAN CORP,666807102,87652000.0,241181,0.16650437688512276,2021-08-17,2021-06-30,0001608046-21-000006
ADSK,AUTODESK INC,052769106,87482000.0,299699,0.16618144364834014,2021-08-17,2021-06-30,0001608046-21-000006
D,DOMINION ENERGY INC,25746U109,86726000.0,1178826,0.16474534054829504,2021-08-17,2021-06-30,0001608046-21-000006
FI,FISERV INC,337738108,86403000.0,808332,0.16413176739840807,2021-08-17,2021-06-30,0001608046-21-000006
BSX,BOSTON SCIENTIFIC CORP,101137107,85999000.0,2011212,0.1633643260592305,2021-08-17,2021-06-30,0001608046-21-000006
DG,DOLLAR GEN CORP NEW,256677105,85251000.0,393967,0.16194341981738697,2021-08-17,2021-06-30,0001608046-21-000006
FCX,FREEPORT-MCMORAN INC,35671D857,85149000.0,2294512,0.16174965987531736,2021-08-17,2021-06-30,0001608046-21-000006
WM,WASTE MGMT INC DEL,94106L109,84770000.0,605026,0.16102970871801964,2021-08-17,2021-06-30,0001608046-21-000006
KLAC,KLA CORP,482480100,83998000.0,259084,0.15956321190157147,2021-08-17,2021-06-30,0001608046-21-000006
HUM,HUMANA INC,444859102,83669000.0,188988,0.15893824110803334,2021-08-17,2021-06-30,0001608046-21-000006
7HP,HP INC,40434L105,82352000.0,2727784,0.15643645832660558,2021-08-17,2021-06-30,0001608046-21-000006
AFW,ALIGN TECHNOLOGY INC,016255101,81633000.0,133606,0.15507064069574256,2021-08-17,2021-06-30,0001608046-21-000006
PGR,PROGRESSIVE CORP,743315103,81092000.0,825704,0.15404295315986374,2021-08-17,2021-06-30,0001608046-21-000006
IDXX,IDEXX LABS INC,45168D104,80867000.0,128046,0.15361554152294554,2021-08-17,2021-06-30,0001608046-21-000006
TWLO,TWILIO INC,90138F102,80742000.0,204845,0.15337809061354654,2021-08-17,2021-06-30,0001608046-21-000006
DOW,DOW INC,260557103,80259000.0,1268309,0.15246058029962883,2021-08-17,2021-06-30,0001608046-21-000006
TWTRUSD,TWITTER INC,90184L102,80036000.0,1163151,0.15203696787726106,2021-08-17,2021-06-30,0001608046-21-000006
GPN,GLOBAL PMTS INC,37940X102,79844000.0,425744,0.1516722432804242,2021-08-17,2021-06-30,0001608046-21-000006
PSA,PUBLIC STORAGE,74460D109,78253000.0,260244,0.14864996810559386,2021-08-17,2021-06-30,0001608046-21-000006
NEM,NEWMONT CORP,651639106,77044000.0,1215587,0.1463533429098868,2021-08-17,2021-06-30,0001608046-21-000006
EOG,EOG RES INC,26875P101,76785000.0,920242,0.1458613446256121,2021-08-17,2021-06-30,0001608046-21-000006
EA,ELECTRONIC ARTS INC,285512109,75640000.0,525901,0.14368629429551735,2021-08-17,2021-06-30,0001608046-21-000006
VRTX,VERTEX PHARMACEUTICALS INC,92532F100,75016000.0,372046,0.14250093935579758,2021-08-17,2021-06-30,0001608046-21-000006
IQV,IQVIA HLDGS INC,46266C105,74968000.0,309376,0.14240975820658835,2021-08-17,2021-06-30,0001608046-21-000006
ROKU,ROKU INC,77543R102,74623000.0,162488,0.14175439369664714,2021-08-17,2021-06-30,0001608046-21-000006
GD,GENERAL DYNAMICS CORP,369550108,74550000.0,395995,0.14161572236555814,2021-08-17,2021-06-30,0001608046-21-000006
ECL,ECOLAB INC,278865100,74007000.0,359311,0.14058423561512892,2021-08-17,2021-06-30,0001608046-21-000006
MET,METLIFE INC,59156R108,73776000.0,1232685,0.1401454263345596,2021-08-17,2021-06-30,0001608046-21-000006
DOCU,DOCUSIGN INC,256163106,73666000.0,263497,0.13993646953428848,2021-08-17,2021-06-30,0001608046-21-000006
AG8,AGILENT TECHNOLOGIES INC,00846U101,73638000.0,498196,0.1398832805305831,2021-08-17,2021-06-30,0001608046-21-000006
ROP,ROPER TECHNOLOGIES INC,776696106,72920000.0,155082,0.1385193625069953,2021-08-17,2021-06-30,0001608046-21-000006
AEP,AMERICAN ELEC PWR CO INC,025537101,72208000.0,853624,0.13716684212705865,2021-08-17,2021-06-30,0001608046-21-000006
PEO,EXELON CORP,30161N101,71720000.0,1618603,0.136239833776765,2021-08-17,2021-06-30,0001608046-21-000006
TROW,PRICE T ROWE GROUP INC,74144T108,71085000.0,359072,0.13503358315701813,2021-08-17,2021-06-30,0001608046-21-000006
LHX,L3HARRIS TECHNOLOGIES INC,502431109,71058000.0,328746,0.13498229376058793,2021-08-17,2021-06-30,0001608046-21-000006
LULU,LULULEMON ATHLETICA INC,550021109,70802000.0,193995,0.1344959942981388,2021-08-17,2021-06-30,0001608046-21-000006
MSCI,MSCI INC,55354G100,70226000.0,131737,0.13340182050762825,2021-08-17,2021-06-30,0001608046-21-000006
ALXN,ALEXION PHARMACEUTICALS INC,015351109,69448000.0,378032,0.13192392604752895,2021-08-17,2021-06-30,0001608046-21-000006
MCHP,MICROCHIP TECHNOLOGY INC.,595017104,68932000.0,460345,0.1309437286935299,2021-08-17,2021-06-30,0001608046-21-000006
PRU,PRUDENTIAL FINL INC,744320102,68864000.0,672045,0.13081455539881684,2021-08-17,2021-06-30,0001608046-21-000006
DHI,D R HORTON INC,23331A109,68819000.0,761522,0.13072907307143322,2021-08-17,2021-06-30,0001608046-21-000006
CARR,CARRIER GLOBAL CORPORATION,14448C104,68725000.0,1414098,0.13055050998756518,2021-08-17,2021-06-30,0001608046-21-000006
CRWD,CROWDSTRIKE HLDGS INC,22788C105,67895000.0,270165,0.12897383594915587,2021-08-17,2021-06-30,0001608046-21-000006
ROST,ROSS STORES INC,778296103,67574000.0,544955,0.12836406201381928,2021-08-17,2021-06-30,0001608046-21-000006
MTCH,MATCH GROUP INC NEW,57667L107,67494000.0,418566,0.1282120934318039,2021-08-17,2021-06-30,0001608046-21-000006
DLR,DIGITAL RLTY TR INC,253868103,66741000.0,443581,0.12678168915358437,2021-08-17,2021-06-30,0001608046-21-000006
KMB,KIMBERLY-CLARK CORP,494368103,66704000.0,498607,0.12671140368440229,2021-08-17,2021-06-30,0001608046-21-000006
CNC,CENTENE CORP DEL,15135B101,66429000.0,910855,0.1261890116837245,2021-08-17,2021-06-30,0001608046-21-000006
ALL,ALLSTATE CORP,020002101,66396000.0,509015,0.12612632464364318,2021-08-17,2021-06-30,0001608046-21-000006
PH,PARKER-HANNIFIN CORP,701094104,66288000.0,215843,0.12592116705792245,2021-08-17,2021-06-30,0001608046-21-000006
SPG,SIMON PPTY GROUP INC NEW,828806109,65986000.0,505717,0.12534748566081447,2021-08-17,2021-06-30,0001608046-21-000006
PINS,PINTEREST INC,72352L106,65913000.0,834872,0.12520881432972547,2021-08-17,2021-06-30,0001608046-21-000006
SNPS,SYNOPSYS INC,871607107,65507000.0,237526,0.12443757377599755,2021-08-17,2021-06-30,0001608046-21-000006
CDNS,CADENCE DESIGN SYSTEM INC,127387108,65140000.0,476098,0.1237404179060021,2021-08-17,2021-06-30,0001608046-21-000006
BK,BANK NEW YORK MELLON CORP,064058100,64786000.0,1264620,0.12306795693058417,2021-08-17,2021-06-30,0001608046-21-000006
MRVL,MARVELL TECHNOLOGY INC,573874104,64586000.0,1107259,0.1226880354755458,2021-08-17,2021-06-30,0001608046-21-000006
ORLY,OREILLY AUTOMOTIVE INC,67103H107,64083000.0,113178,0.12173253301612426,2021-08-17,2021-06-30,0001608046-21-000006
PPG,PPG INDS INC,693506107,63822000.0,375932,0.12123673551729915,2021-08-17,2021-06-30,0001608046-21-000006
APH,AMPHENOL CORP NEW,032095101,63793000.0,932511,0.1211816469063186,2021-08-17,2021-06-30,0001608046-21-000006
VEEV,VEEVA SYS INC,922475108,63774000.0,205093,0.12114555436808995,2021-08-17,2021-06-30,0001608046-21-000006
DD,DUPONT DE NEMOURS INC,26614N102,63680000.0,822632,0.12096699128422189,2021-08-17,2021-06-30,0001608046-21-000006
KMI,KINDER MORGAN INC DEL,49456B101,63444000.0,3480179,0.12051868396727661,2021-08-17,2021-06-30,0001608046-21-000006
MCK,MCKESSON CORP,58155Q103,63235000.0,330656,0.1201216660467615,2021-08-17,2021-06-30,0001608046-21-000006
WBA,WALGREENS BOOTS ALLIANCE INC,931427108,63193000.0,1201164,0.12004188254120343,2021-08-17,2021-06-30,0001608046-21-000006
AIG,AMERICAN INTL GROUP INC,026874784,62908000.0,1321605,0.11950049446777372,2021-08-17,2021-06-30,0001608046-21-000006
UBER,UBER TECHNOLOGIES INC,90353T100,62672000.0,1250440,0.11905218715082844,2021-08-17,2021-06-30,0001608046-21-000006
DFSEUR,DISCOVER FINL SVCS,254709108,62059000.0,524631,0.11788772789113579,2021-08-17,2021-06-30,0001608046-21-000006
CMI,CUMMINS INC,231021106,61702000.0,253074,0.11720956809389226,2021-08-17,2021-06-30,0001608046-21-000006
STZ,CONSTELLATION BRANDS INC,21036P108,61574000.0,263260,0.11696641836266769,2021-08-17,2021-06-30,0001608046-21-000006
TRV,TRAVELERS COMPANIES INC,89417E109,61570000.0,411264,0.11695881993356694,2021-08-17,2021-06-30,0001608046-21-000006
MNST,MONSTER BEVERAGE CORP NEW,61174X109,61468000.0,672886,0.11676505999149735,2021-08-17,2021-06-30,0001608046-21-000006
WELL,WELLTOWER INC,95040Q104,61081000.0,735033,0.11602991197599809,2021-08-17,2021-06-30,0001608046-21-000006
SRE,SEMPRA ENERGY,816851109,61070000.0,460977,0.11600901629597096,2021-08-17,2021-06-30,0001608046-21-000006
MSI,MOTOROLA SOLUTIONS INC,620076307,61016000.0,281372,0.1159064375031106,2021-08-17,2021-06-30,0001608046-21-000006
ROK,ROCKWELL AUTOMATION INC,773903109,60999000.0,213268,0.11587414417943234,2021-08-17,2021-06-30,0001608046-21-000006
SWK,STANLEY BLACK & DECKER INC,854502101,60760000.0,296404,0.11542013804066148,2021-08-17,2021-06-30,0001608046-21-000006
GIS,GENERAL MLS INC,370334104,60525000.0,993354,0.11497373033099137,2021-08-17,2021-06-30,0001608046-21-000006
BAX,BAXTER INTL INC,071813109,60420000.0,750562,0.11477427156709621,2021-08-17,2021-06-30,0001608046-21-000006
WDAY,WORKDAY INC,98138H101,59706000.0,250088,0.11341795197260918,2021-08-17,2021-06-30,0001608046-21-000006
SLB,SCHLUMBERGER LTD,806857108,59378000.0,1854970,0.11279488078634622,2021-08-17,2021-06-30,0001608046-21-000006
CMG,CHIPOTLE MEXICAN GRILL INC,169656105,58558000.0,37771,0.11123720282068886,2021-08-17,2021-06-30,0001608046-21-000006
CTSH,COGNIZANT TECHNOLOGY SOLUTIO,192446102,58422000.0,843515,0.11097885623126275,2021-08-17,2021-06-30,0001608046-21-000006
DXCM,DEXCOM INC,252131107,58271000.0,136465,0.11069201553270877,2021-08-17,2021-06-30,0001608046-21-000006
SBAC,SBA COMMUNICATIONS CORP NEW,78410G104,57899000.0,181671,0.10998536162633737,2021-08-17,2021-06-30,0001608046-21-000006
AFL,AFLAC INC,001055102,57759000.0,1076394,0.1097194166078105,2021-08-17,2021-06-30,0001608046-21-000006
XLNXEUR,XILINX INC,983919101,57544000.0,397846,0.10931100104364423,2021-08-17,2021-06-30,0001608046-21-000006
PCAR,PACCAR INC,693718108,57468000.0,643896,0.10916663089072964,2021-08-17,2021-06-30,0001608046-21-000006
YUM,YUM BRANDS INC,988498101,57281000.0,497963,0.10881140433026877,2021-08-17,2021-06-30,0001608046-21-000006
ADM,ARCHER DANIELS MIDLAND CO,039483102,57272000.0,945080,0.10879430786479202,2021-08-17,2021-06-30,0001608046-21-000006
MPC,MARATHON PETE CORP,56585A102,57212000.0,946907,0.10868033142828051,2021-08-17,2021-06-30,0001608046-21-000006
PAYX,PAYCHEX INC,704326107,57111000.0,532253,0.10848847109348612,2021-08-17,2021-06-30,0001608046-21-000006
AZO,AUTOZONE INC,053332102,57079000.0,38251,0.10842768366068001,2021-08-17,2021-06-30,0001608046-21-000006
WMB,WILLIAMS COS INC,969457100,56726000.0,2136579,0.10775712229253724,2021-08-17,2021-06-30,0001608046-21-000006
ZBH,ZIMMER BIOMET HOLDINGS INC,98956P102,55766000.0,346759,0.105933499308353,2021-08-17,2021-06-30,0001608046-21-000006
MAR,MARRIOTT INTL INC NEW,571903202,55224000.0,404513,0.10490391216519895,2021-08-17,2021-06-30,0001608046-21-000006
CIT,CINTAS CORP,172908105,54545000.0,142788,0.10361407882534365,2021-08-17,2021-06-30,0001608046-21-000006
STT,STATE STR CORP,857477103,54383000.0,660952,0.10330634244676257,2021-08-17,2021-06-30,0001608046-21-000006
GLW,CORNING INC,219350105,54101000.0,1322754,0.10277065319515843,2021-08-17,2021-06-30,0001608046-21-000006
SYY,SYSCO CORP,871829107,53571000.0,689021,0.10176386133930672,2021-08-17,2021-06-30,0001608046-21-000006
PEG,PUBLIC SVC ENTERPRISE GRP IN,744573106,52728000.0,882623,0.10016249240631993,2021-08-17,2021-06-30,0001608046-21-000006
CTVA,CORTEVA INC,22052L104,52359000.0,1180592,0.0994615373217741,2021-08-17,2021-06-30,0001608046-21-000006
XEL,XCEL ENERGY INC,98389B100,52146000.0,791532,0.09905692097215821,2021-08-17,2021-06-30,0001608046-21-000006
PANW,PALO ALTO NETWORKS INC,697435105,51930000.0,139953,0.09864660580071676,2021-08-17,2021-06-30,0001608046-21-000006
PSX,PHILLIPS 66,718546104,51659000.0,601941,0.09813181222913973,2021-08-17,2021-06-30,0001608046-21-000006
HLT,HILTON WORLDWIDE HLDGS INC,43300A203,51555000.0,427420,0.0979342530725198,2021-08-17,2021-06-30,0001608046-21-000006
FRCB,FIRST REP BK SAN FRANCISCO C,33616C100,51001000.0,272487,0.09688187064206347,2021-08-17,2021-06-30,0001608046-21-000006
PXDEUR,PIONEER NAT RES CO,723787107,50886000.0,313109,0.09666341580541639,2021-08-17,2021-06-30,0001608046-21-000006
TDG,TRANSDIGM GROUP INC,893641100,50600000.0,78172,0.09612012812471149,2021-08-17,2021-06-30,0001608046-21-000006
RMD,RESMED INC,761152107,50535000.0,204993,0.09599665365182403,2021-08-17,2021-06-30,0001608046-21-000006
OTIS,OTIS WORLDWIDE CORP,68902V107,50033000.0,611880,0.09504305079967768,2021-08-17,2021-06-30,0001608046-21-000006
MTD,METTLER TOLEDO INTERNATIONAL,592688105,48689000.0,35146,0.09248997862181974,2021-08-17,2021-06-30,0001608046-21-000006
IFF,INTERNATIONAL FLAVORS&FRAGRA,459506101,48461000.0,324374,0.09205686816307596,2021-08-17,2021-06-30,0001608046-21-000006
KR,KROGER CO,501044101,48425000.0,1264027,0.09198848230116906,2021-08-17,2021-06-30,0001608046-21-000006
AWM,SKYWORKS SOLUTIONS INC,83088M102,48221000.0,251481,0.0916009624170299,2021-08-17,2021-06-30,0001608046-21-000006
DELL,DELL TECHNOLOGIES INC,24703L202,47864000.0,480227,0.09092280261978639,2021-08-17,2021-06-30,0001608046-21-000006
FTNT,FORTINET INC,34959E109,46693000.0,196032,0.08869836250053664,2021-08-17,2021-06-30,0001608046-21-000006
TTD,THE TRADE DESK INC,88339J105,46613000.0,602550,0.08854639391852129,2021-08-17,2021-06-30,0001608046-21-000006
WEC,WEC ENERGY GROUP INC,92939U106,46384000.0,521456,0.08811138385250233,2021-08-17,2021-06-30,0001608046-21-000006
CSGP,COSTAR GROUP INC,22160N109,46168000.0,557450,0.08770106868106088,2021-08-17,2021-06-30,0001608046-21-000006
0VVB,VIACOMCBS INC,92556H206,46066000.0,1019159,0.0875073087389913,2021-08-17,2021-06-30,0001608046-21-000006
LEN,LENNAR CORP,526057104,46034000.0,463356,0.08744652130618516,2021-08-17,2021-06-30,0001608046-21-000006
VLO,VALERO ENERGY CORP,91913Y100,45686000.0,585118,0.08678545797441838,2021-08-17,2021-06-30,0001608046-21-000006
KKR,KKR & CO INC,48251W104,45437000.0,767003,0.08631245576289558,2021-08-17,2021-06-30,0001608046-21-000006
PTON,PELOTON INTERACTIVE INC,70614W100,45283000.0,365125,0.08601991624251602,2021-08-17,2021-06-30,0001608046-21-000006
CBRE,CBRE GROUP INC,12504L109,44936000.0,524159,0.08536075251802443,2021-08-17,2021-06-30,0001608046-21-000006
ES,EVERSOURCE ENERGY,30040W108,44907000.0,559658,0.08530566390704386,2021-08-17,2021-06-30,0001608046-21-000006
NUE,NUCOR CORP,670346105,44842000.0,467445,0.08518218943415638,2021-08-17,2021-06-30,0001608046-21-000006
EFX,EQUIFAX INC,294429105,44795000.0,187027,0.08509290789222236,2021-08-17,2021-06-30,0001608046-21-000006
MXIM,MAXIM INTEGRATED PRODS INC,57772K101,44666000.0,423939,0.08484785855372261,2021-08-17,2021-06-30,0001608046-21-000006
A4S,AMERIPRISE FINL INC,03076C106,43980000.0,176711,0.08354472796294093,2021-08-17,2021-06-30,0001608046-21-000006
WCN,WASTE CONNECTIONS INC,94106B101,43854000.0,367190,0.08330537744626676,2021-08-17,2021-06-30,0001608046-21-000006
N/A,LABORATORY CORP AMER HLDGS,50540R409,43748000.0,158594,0.08310401907509642,2021-08-17,2021-06-30,0001608046-21-000006
GNRC,GENERAC HLDGS INC,368736104,43507000.0,104798,0.08264621372177516,2021-08-17,2021-06-30,0001608046-21-000006
AME,AMETEK INC,031100100,43487000.0,325742,0.08260822157627133,2021-08-17,2021-06-30,0001608046-21-000006
BBY,BEST BUY INC,086516101,43396000.0,377421,0.08243535731422885,2021-08-17,2021-06-30,0001608046-21-000006
FAST,FASTENAL CO,311900104,43254000.0,831810,0.08216561308115161,2021-08-17,2021-06-30,0001608046-21-000006
OKTA,OKTA INC,679295105,43143000.0,176325,0.0819547566736053,2021-08-17,2021-06-30,0001608046-21-000006
KEYS,KEYSIGHT TECHNOLOGIES INC,49338L103,43097000.0,279109,0.08186737473894647,2021-08-17,2021-06-30,0001608046-21-000006
EPAM,EPAM SYS INC,29414B104,43079000.0,84309,0.08183318180799301,2021-08-17,2021-06-30,0001608046-21-000006
KSUEUR,KANSAS CITY SOUTHERN,485170302,42956000.0,151591,0.08159953011314441,2021-08-17,2021-06-30,0001608046-21-000006
KHC,KRAFT HEINZ CO,500754106,42454000.0,1041047,0.08064592726099806,2021-08-17,2021-06-30,0001608046-21-000006
ZBRA,ZEBRA TECHNOLOGIES CORPORATI,989207105,41996000.0,79314,0.07977590712896016,2021-08-17,2021-06-30,0001608046-21-000006
ODFL,OLD DOMINION FREIGHT LINE IN,679580100,41961000.0,165330,0.07970942087432845,2021-08-17,2021-06-30,0001608046-21-000006
SYF,SYNCHRONY FINANCIAL,87165B103,41672000.0,858862,0.07916043437179797,2021-08-17,2021-06-30,0001608046-21-000006
AKX,ANSYS INC,03662Q105,41461000.0,119463,0.07875961723673247,2021-08-17,2021-06-30,0001608046-21-000006
SIVBEUR,SVB FINANCIAL GROUP,78486Q101,41421000.0,74440,0.07868363294572481,2021-08-17,2021-06-30,0001608046-21-000006
WST,WEST PHARMACEUTICAL SVSC INC,955306105,41416000.0,115333,0.07867413490934884,2021-08-17,2021-06-30,0001608046-21-000006
CPRT,COPART INC,217204106,41322000.0,313446,0.0784955718254808,2021-08-17,2021-06-30,0001608046-21-000006
LBRDK,LIBERTY BROADBAND CORP,530307305,41184000.0,237153,0.07823342602150432,2021-08-17,2021-06-30,0001608046-21-000006
URI,UNITED RENTALS INC,911363109,41113000.0,128877,0.07809855390496569,2021-08-17,2021-06-30,0001608046-21-000006
FITB,FIFTH THIRD BANCORP,316773100,40722000.0,1065191,0.07735580746036565,2021-08-17,2021-06-30,0001608046-21-000006
ETSY,ETSY INC,29786A106,40611000.0,197293,0.07714495105281934,2021-08-17,2021-06-30,0001608046-21-000006
AJG,GALLAGHER ARTHUR J & CO,363576109,40344000.0,288009,0.0766377559103431,2021-08-17,2021-06-30,0001608046-21-000006
AWC,AMERICAN WTR WKS CO INC NEW,030420103,39948000.0,259185,0.07588551142936709,2021-08-17,2021-06-30,0001608046-21-000006
VRSK,VERISK ANALYTICS INC,92345Y106,39507000.0,226114,0.07504778462100745,2021-08-17,2021-06-30,0001608046-21-000006
VFC,V F CORP,918204108,39430000.0,480614,0.07490151486081768,2021-08-17,2021-06-30,0001608046-21-000006
HPE,HEWLETT PACKARD ENTERPRISE C,42824C109,39430000.0,2704374,0.07490151486081768,2021-08-17,2021-06-30,0001608046-21-000006
DTE,DTE ENERGY CO,233331107,38836000.0,299662,0.07377314813935368,2021-08-17,2021-06-30,0001608046-21-000006
IP,INTERNATIONAL PAPER CO,460146103,38724000.0,631602,0.07356039212453216,2021-08-17,2021-06-30,0001608046-21-000006
HUBS,HUBSPOT INC,443573100,38594000.0,66231,0.07331344317875722,2021-08-17,2021-06-30,0001608046-21-000006
PPL,PPL CORP,69351T106,38462000.0,1375115,0.07306269501843189,2021-08-17,2021-06-30,0001608046-21-000006
HSY,HERSHEY CO,427866108,38370000.0,220287,0.07288793114911424,2021-08-17,2021-06-30,0001608046-21-000006
RSG,REPUBLIC SVCS INC,760759100,38264000.0,347819,0.07268657277794388,2021-08-17,2021-06-30,0001608046-21-000006
QRVO,QORVO INC,74736K101,38220000.0,195348,0.07260299005783544,2021-08-17,2021-06-30,0001608046-21-000006
AVB,AVALONBAY CMNTYS INC,053484101,38206000.0,183074,0.07257639555598276,2021-08-17,2021-06-30,0001608046-21-000006
NET,CLOUDFLARE INC,18915M107,37865000.0,357756,0.07192862947514231,2021-08-17,2021-06-30,0001608046-21-000006
CDW,CDW CORP,12514G108,37785000.0,216346,0.07177666089312695,2021-08-17,2021-06-30,0001608046-21-000006
ALLY,ALLY FINL INC,02005N100,37696000.0,756333,0.07160759584563488,2021-08-17,2021-06-30,0001608046-21-000006
TER,TERADYNE INC,880770102,37620000.0,280827,0.07146322569272029,2021-08-17,2021-06-30,0001608046-21-000006
BALL,BALL CORP,058498106,37339000.0,460860,0.07092943604839134,2021-08-17,2021-06-30,0001608046-21-000006
EQR,EQUITY RESIDENTIAL,29476L107,37193000.0,483020,0.07065209338621334,2021-08-17,2021-06-30,0001608046-21-000006
OXY,OCCIDENTAL PETE CORP,674599105,37165000.0,1188515,0.07059890438250796,2021-08-17,2021-06-30,0001608046-21-000006
WY,WEYERHAEUSER CO MTN BE,962166104,37082000.0,1077348,0.07044123697866703,2021-08-17,2021-06-30,0001608046-21-000006
TSCO,TRACTOR SUPPLY CO,892356106,37037000.0,199059,0.0703557546512834,2021-08-17,2021-06-30,0001608046-21-000006
ENPH,ENPHASE ENERGY INC,29355A107,37009000.0,201542,0.07030256564757802,2021-08-17,2021-06-30,0001608046-21-000006
EXPD,EXPEDITORS INTL WASH INC,302130109,36998000.0,292247,0.0702816699675509,2021-08-17,2021-06-30,0001608046-21-000006
VICI,VICI PPTYS INC,925652109,36984000.0,1192259,0.07025507546569822,2021-08-17,2021-06-30,0001608046-21-000006
HIG,HARTFORD FINL SVCS GROUP INC,416515104,36701000.0,592237,0.0697174866068189,2021-08-17,2021-06-30,0001608046-21-000006
VRSN,VERISIGN INC,92343E102,36610000.0,160790,0.06954462234477643,2021-08-17,2021-06-30,0001608046-21-000006
EXR,EXTRA SPACE STORAGE INC,30225T102,36510000.0,222869,0.06935466161725724,2021-08-17,2021-06-30,0001608046-21-000006
WDC,WESTERN DIGITAL CORP.,958102105,36306000.0,510128,0.0689671417331181,2021-08-17,2021-06-30,0001608046-21-000006
IT,GARTNER INC,366651107,36269000.0,149748,0.06889685626393599,2021-08-17,2021-06-30,0001608046-21-000006
NTAP,NETAPP INC,64110D104,35974000.0,439677,0.06833647211775438,2021-08-17,2021-06-30,0001608046-21-000006
CERNCHF,CERNER CORP,156782104,35686000.0,456573,0.06778938522249911,2021-08-17,2021-06-30,0001608046-21-000006
ED,CONSOLIDATED EDISON INC,209115104,35636000.0,496880,0.06769440485873951,2021-08-17,2021-06-30,0001608046-21-000006
DLTR,DOLLAR TREE INC,256746108,35607000.0,357858,0.06763931624775894,2021-08-17,2021-06-30,0001608046-21-000006
N/A,ARISTA NETWORKS INC,040413106,35494000.0,97967,0.06742466062566224,2021-08-17,2021-06-30,0001608046-21-000006
DOV,DOVER CORP,260003108,35484000.0,235618,0.06740566455291033,2021-08-17,2021-06-30,0001608046-21-000006
EIX,EDISON INTL,281020107,35460000.0,613279,0.06736007397830573,2021-08-17,2021-06-30,0001608046-21-000006
CLX,CLOROX CO DEL,189054109,35413000.0,196835,0.0672707924363717,2021-08-17,2021-06-30,0001608046-21-000006
TTWO,TAKE-TWO INTERACTIVE SOFTWAR,874054109,35080000.0,198170,0.06663822321373279,2021-08-17,2021-06-30,0001608046-21-000006
OKE,ONEOK INC NEW,682680103,34672000.0,623143,0.06586318344545448,2021-08-17,2021-06-30,0001608046-21-000006
GWW,GRAINGER W W INC,384802104,34614000.0,79028,0.06575300622349337,2021-08-17,2021-06-30,0001608046-21-000006
NDAQ,NASDAQ INC,631103108,34543000.0,196490,0.06561813410695473,2021-08-17,2021-06-30,0001608046-21-000006
RF,REGIONS FINANCIAL CORP NEW,7591EP100,34423000.0,1705814,0.0653901812339317,2021-08-17,2021-06-30,0001608046-21-000006
VTRS,VIATRIS INC,92556V106,34371000.0,2405269,0.06529140165562172,2021-08-17,2021-06-30,0001608046-21-000006
BF/B,BROWN FORMAN CORP,115637209,34318000.0,457946,0.06519072247003654,2021-08-17,2021-06-30,0001608046-21-000006
SPLKCHF,SPLUNK INC,848637104,34294000.0,237197,0.06514513189543193,2021-08-17,2021-06-30,0001608046-21-000006
ARE,ALEXANDRIA REAL ESTATE EQ IN,015271109,34225000.0,188114,0.06501405899344369,2021-08-17,2021-06-30,0001608046-21-000006
AVTR,AVANTOR INC,05352A100,34186000.0,962713,0.06493997430971121,2021-08-17,2021-06-30,0001608046-21-000006
NTRS,NORTHERN TR CORP,665859104,34141000.0,295282,0.06485449198232757,2021-08-17,2021-06-30,0001608046-21-000006
HES,HESS CORP,42809H107,34111000.0,390643,0.06479750376407183,2021-08-17,2021-06-30,0001608046-21-000006
TRMB,TRIMBLE INC,896239100,34069000.0,416334,0.06471772025851376,2021-08-17,2021-06-30,0001608046-21-000006
WAT,WATERS CORP,941848103,33930000.0,98173,0.06445367484726208,2021-08-17,2021-06-30,0001608046-21-000006
OMC,OMNICOM GROUP INC,681919106,33836000.0,422997,0.06427511176339404,2021-08-17,2021-06-30,0001608046-21-000006
DGX,QUEST DIAGNOSTICS INC,74834L100,33784000.0,255996,0.06417633218508405,2021-08-17,2021-06-30,0001608046-21-000006
PKN,PERKINELMER INC,714046109,33746000.0,218550,0.06410414710862676,2021-08-17,2021-06-30,0001608046-21-000006
XYL,XYLEM INC,98419M100,33515000.0,279388,0.06366533782805742,2021-08-17,2021-06-30,0001608046-21-000006
FE,FIRSTENERGY CORP,337932107,33435000.0,898543,0.06351336924604208,2021-08-17,2021-06-30,0001608046-21-000006
TSN,TYSON FOODS INC,902494103,33426000.0,453177,0.06349627278056535,2021-08-17,2021-06-30,0001608046-21-000006
TRU,TRANSUNION,89400J107,33397000.0,304132,0.06344118416958477,2021-08-17,2021-06-30,0001608046-21-000006
DPZ,DOMINOS PIZZA INC,25754A201,33385000.0,71567,0.06341838888228248,2021-08-17,2021-06-30,0001608046-21-000006
HOLX,HOLOGIC INC,436440101,33381000.0,500313,0.06341079045318171,2021-08-17,2021-06-30,0001608046-21-000006
CHD,CHURCH & DWIGHT INC,171340102,33259000.0,390275,0.0631790383656083,2021-08-17,2021-06-30,0001608046-21-000006
LNG,CHENIERE ENERGY INC,16411R208,33238000.0,383194,0.06313914661282927,2021-08-17,2021-06-30,0001608046-21-000006
W,WAYFAIR INC,94419L101,32893000.0,104188,0.06248378210288805,2021-08-17,2021-06-30,0001608046-21-000006
AKAM,AKAMAI TECHNOLOGIES INC,00971T101,32871000.0,281909,0.062441990742833825,2021-08-17,2021-06-30,0001608046-21-000006
KMX,CARMAX INC,143130102,32788000.0,253875,0.0622843233389929,2021-08-17,2021-06-30,0001608046-21-000006
INVH,INVITATION HOMES INC,46187W107,32750000.0,878246,0.0622121382625356,2021-08-17,2021-06-30,0001608046-21-000006
KEY,KEYCORP,493267108,32702000.0,1583619,0.06212095711332639,2021-08-17,2021-06-30,0001608046-21-000006
DDOG,DATADOG INC,23804L103,32690000.0,314090,0.06209816182602409,2021-08-17,2021-06-30,0001608046-21-000006
BURL,BURLINGTON STORES INC,122017106,32615000.0,101291,0.06195569128038469,2021-08-17,2021-06-30,0001608046-21-000006
VMC,VULCAN MATLS CO,929160109,32495000.0,186677,0.06172773840736166,2021-08-17,2021-06-30,0001608046-21-000006
CAH,CARDINAL HEALTH INC,14149Y108,32440000.0,568222,0.06162326000722611,2021-08-17,2021-06-30,0001608046-21-000006
O,REALTY INCOME CORP,756109104,32313000.0,484167,0.06138200988327673,2021-08-17,2021-06-30,0001608046-21-000006
FLT1EUR,FLEETCOR TECHNOLOGIES INC,339041105,32271000.0,126031,0.06130222637771867,2021-08-17,2021-06-30,0001608046-21-000006
Z,ZILLOW GROUP INC,98954M200,32198000.0,263440,0.06116355504662966,2021-08-17,2021-06-30,0001608046-21-000006
PFG,PRINCIPAL FINANCIAL GROUP IN,74251V102,32122000.0,508341,0.06101918489371508,2021-08-17,2021-06-30,0001608046-21-000006
ALB,ALBEMARLE CORP,012653101,32096000.0,190526,0.06096979510456008,2021-08-17,2021-06-30,0001608046-21-000006
MCX,MCCORMICK & CO INC,579780206,31864000.0,360775,0.06052908621671556,2021-08-17,2021-06-30,0001608046-21-000006
WORK,SLACK TECHNOLOGIES INC,83088V102,31856000.0,719100,0.06051388935851402,2021-08-17,2021-06-30,0001608046-21-000006
ETR,ENTERGY CORP NEW,29364G103,31827000.0,319224,0.06045880074753346,2021-08-17,2021-06-30,0001608046-21-000006
FTV,FORTIVE CORP,34959J108,31804000.0,456039,0.060415109780204035,2021-08-17,2021-06-30,0001608046-21-000006
CAG,CONAGRA BRANDS INC,205887102,31795000.0,873982,0.06039801331472731,2021-08-17,2021-06-30,0001608046-21-000006
EXPE,EXPEDIA GROUP INC,30212P303,31757000.0,193986,0.06032582823827002,2021-08-17,2021-06-30,0001608046-21-000006
CFG,CITIZENS FINL GROUP INC,174610105,31712000.0,691351,0.06024034591088638,2021-08-17,2021-06-30,0001608046-21-000006
SGENUSD,SEAGEN INC,81181C104,31677000.0,200637,0.060173859656254665,2021-08-17,2021-06-30,0001608046-21-000006
ABG,AMERISOURCEBERGEN CORP,03073E105,31598000.0,275991,0.0600237906815145,2021-08-17,2021-06-30,0001608046-21-000006
MLM,MARTIN MARIETTA MATLS INC,573284106,31414000.0,89293,0.05967426294287919,2021-08-17,2021-06-30,0001608046-21-000006
BR,BROADRIDGE FINL SOLUTIONS IN,11133T103,31397000.0,194373,0.05964196961920092,2021-08-17,2021-06-30,0001608046-21-000006
MAS,MASCO CORP,574599106,31343000.0,532044,0.05953939082634056,2021-08-17,2021-06-30,0001608046-21-000006
GPC,GENUINE PARTS CO,372460105,31337000.0,247782,0.05952799318268941,2021-08-17,2021-06-30,0001608046-21-000006
RNG,RINGCENTRAL INC,76680R206,31334000.0,107831,0.059522294360863835,2021-08-17,2021-06-30,0001608046-21-000006
MDB,MONGODB INC,60937P106,31264000.0,86480,0.059389321851600396,2021-08-17,2021-06-30,0001608046-21-000006
N/A,COOPER COS INC,216648402,31230000.0,78810,0.05932473520424388,2021-08-17,2021-06-30,0001608046-21-000006
KDP,KEURIG DR PEPPER INC,49271V100,31116000.0,882980,0.059108179974872,2021-08-17,2021-06-30,0001608046-21-000006
MGM,MGM RESORTS INTERNATIONAL,552953101,31116000.0,729570,0.059108179974872,2021-08-17,2021-06-30,0001608046-21-000006
ALNY,ALNYLAM PHARMACEUTICALS INC,02043Q107,30999000.0,182861,0.05888592592367454,2021-08-17,2021-06-30,0001608046-21-000006
AES,AES CORP,00130H105,30992000.0,1188788,0.058872628672748194,2021-08-17,2021-06-30,0001608046-21-000006
SSNC,SS&C TECHNOLOGIES HLDGS INC,78467J100,30920000.0,429091,0.05873585694893438,2021-08-17,2021-06-30,0001608046-21-000006
DREUSD,DUKE REALTY CORP,264411505,30864000.0,651827,0.05862947894152363,2021-08-17,2021-06-30,0001608046-21-000006
NVR,NVR INC,62944T105,30760000.0,6185,0.05843191978490367,2021-08-17,2021-06-30,0001608046-21-000006
CVNA,CARVANA CO,146869102,30483000.0,100997,0.0579057285696755,2021-08-17,2021-06-30,0001608046-21-000006
CCL,CARNIVAL CORP,143658300,30256000.0,1147816,0.057474517718206934,2021-08-17,2021-06-30,0001608046-21-000006
JECUSD,JACOBS ENGR GROUP INC,469814107,30227000.0,226555,0.057419429107226375,2021-08-17,2021-06-30,0001608046-21-000006
MAA,MID-AMER APT CMNTYS INC,59522J103,30171000.0,179142,0.057313051099815625,2021-08-17,2021-06-30,0001608046-21-000006
ULTA,ULTA BEAUTY INC,90384S303,30126000.0,87126,0.057227568772431986,2021-08-17,2021-06-30,0001608046-21-000006
DRI,DARDEN RESTAURANTS INC,237194105,30098000.0,206163,0.057174379768726614,2021-08-17,2021-06-30,0001608046-21-000006
HAL,HALLIBURTON CO,406216101,30006000.0,1297836,0.056999615899408954,2021-08-17,2021-06-30,0001608046-21-000006
VTR,VENTAS INC,92276F100,29955000.0,524613,0.05690273592837417,2021-08-17,2021-06-30,0001608046-21-000006
AEE,AMEREN CORP,023608102,29777000.0,372029,0.05656460583339001,2021-08-17,2021-06-30,0001608046-21-000006
SJM,SMUCKER J M CO,832696405,29698000.0,229208,0.05641453685864984,2021-08-17,2021-06-30,0001608046-21-000006
CE,CELANESE CORP DEL,150870103,29679000.0,195769,0.056378444320421196,2021-08-17,2021-06-30,0001608046-21-000006
TYL,TYLER TECHNOLOGIES INC,902252105,29564000.0,65354,0.05615998948377412,2021-08-17,2021-06-30,0001608046-21-000006
MKTX,MARKETAXESS HLDGS INC,57060D108,29486000.0,63604,0.05601182011630916,2021-08-17,2021-06-30,0001608046-21-000006
EMN,EASTMAN CHEM CO,277432100,29480000.0,252506,0.056000422472658004,2021-08-17,2021-06-30,0001608046-21-000006
CTLTEUR,CATALENT INC,148806102,29414000.0,272052,0.05587504839249534,2021-08-17,2021-06-30,0001608046-21-000006
AVY,AVERY DENNISON CORP,053611109,29125000.0,138530,0.055326061889964875,2021-08-17,2021-06-30,0001608046-21-000006
CINF,CINCINNATI FINL CORP,172062101,29030000.0,248930,0.055145599198821636,2021-08-17,2021-06-30,0001608046-21-000006
EXAS,EXACT SCIENCES CORP,30063P105,29012000.0,233385,0.05511140626786818,2021-08-17,2021-06-30,0001608046-21-000006
TDOC,TELADOC HEALTH INC,87918A105,28912000.0,173862,0.05492144554034899,2021-08-17,2021-06-30,0001608046-21-000006
K,KELLOGG CO,487836108,28890000.0,449088,0.05487965418029476,2021-08-17,2021-06-30,0001608046-21-000006
MTB,M & T BK CORP,55261F104,28836000.0,198444,0.0547770753874344,2021-08-17,2021-06-30,0001608046-21-000006
ESS,ESSEX PPTY TR INC,297178105,28747000.0,95819,0.05460801033994232,2021-08-17,2021-06-30,0001608046-21-000006
COUPEUR,COUPA SOFTWARE INC,22266L106,28727000.0,109600,0.05457001819443848,2021-08-17,2021-06-30,0001608046-21-000006
IR,INGERSOLL RAND INC,45687V106,28562000.0,585169,0.05425658299403181,2021-08-17,2021-06-30,0001608046-21-000006
SUI,SUN CMNTYS INC,866674104,28468000.0,166092,0.054078019910163776,2021-08-17,2021-06-30,0001608046-21-000006
PODD,INSULET CORP,45784P101,28310000.0,103128,0.05377788196068345,2021-08-17,2021-06-30,0001608046-21-000006
ZEN1EUR,ZENDESK INC,98936J101,28310000.0,196134,0.05377788196068345,2021-08-17,2021-06-30,0001608046-21-000006
RJF,RAYMOND JAMES FINL INC,754730109,28275000.0,217670,0.053711395706051726,2021-08-17,2021-06-30,0001608046-21-000006
DVN,DEVON ENERGY CORP NEW,25179M103,28136000.0,963878,0.05344735029480006,2021-08-17,2021-06-30,0001608046-21-000006
PAYC,PAYCOM SOFTWARE INC,70432V102,28081000.0,77259,0.0533428718946645,2021-08-17,2021-06-30,0001608046-21-000006
TFX,TELEFLEX INCORPORATED,879369106,27964000.0,69598,0.05312061784346705,2021-08-17,2021-06-30,0001608046-21-000006
IEX,IDEX CORP,45167R104,27782000.0,126251,0.05277488931938211,2021-08-17,2021-06-30,0001608046-21-000006
CGNX,COGNEX CORP,192422103,27284000.0,324617,0.05182888489633653,2021-08-17,2021-06-30,0001608046-21-000006
MPWR,MONOLITHIC PWR SYS INC,609839105,27233000.0,72924,0.051732004925301736,2021-08-17,2021-06-30,0001608046-21-000006
DOC,HEALTHPEAK PROPERTIES INC,42250P103,26958000.0,809783,0.05120961292462396,2021-08-17,2021-06-30,0001608046-21-000006
CMS,CMS ENERGY CORP,125896100,26949000.0,456152,0.05119251645914724,2021-08-17,2021-06-30,0001608046-21-000006
MKL,MARKEL CORP,570535104,26948000.0,22708,0.051190616851872046,2021-08-17,2021-06-30,0001608046-21-000006
PTC,PTC INC,69370C100,26929000.0,190636,0.0511545243136434,2021-08-17,2021-06-30,0001608046-21-000006
LVS,LAS VEGAS SANDS CORP,517834107,26698000.0,506706,0.050715715033074066,2021-08-17,2021-06-30,0001608046-21-000006
BXP,BOSTON PROPERTIES INC,101121101,26603000.0,232155,0.05053525234193083,2021-08-17,2021-06-30,0001608046-21-000006
PCG,PG&E CORP,69331C108,26434000.0,2599222,0.050214218712423396,2021-08-17,2021-06-30,0001608046-21-000006
ON,ON SEMICONDUCTOR CORP,682189105,26357000.0,688541,0.05006794895223361,2021-08-17,2021-06-30,0001608046-21-000006
TDY,TELEDYNE TECHNOLOGIES INC,879360105,26093000.0,62299,0.04956645263158295,2021-08-17,2021-06-30,0001608046-21-000006
LYV,LIVE NATION ENTERTAINMENT IN,538034109,26069000.0,297621,0.04952086205697834,2021-08-17,2021-06-30,0001608046-21-000006
INCY,INCYTE CORP,45337C102,25882000.0,307642,0.04916563549651745,2021-08-17,2021-06-30,0001608046-21-000006
CTXSEUR,CITRIX SYS INC,177376100,25590000.0,218214,0.0486109501721614,2021-08-17,2021-06-30,0001608046-21-000006
BMRN,BIOMARIN PHARMACEUTICAL INC,09061G101,25573000.0,306479,0.04857865684848314,2021-08-17,2021-06-30,0001608046-21-000006
ELAN,ELANCO ANIMAL HEALTH INC,28414H103,24664000.0,710989,0.046851913835333686,2021-08-17,2021-06-30,0001608046-21-000006
PLUN,PLUG POWER INC,72919P202,24542000.0,717800,0.04662016174776027,2021-08-17,2021-06-30,0001608046-21-000006
FMC,FMC CORP,302491303,24365000.0,225182,0.04628393126005129,2021-08-17,2021-06-30,0001608046-21-000006
SEDG,SOLAREDGE TECHNOLOGIES INC,83417M104,24201000.0,87566,0.045972395666919824,2021-08-17,2021-06-30,0001608046-21-000006
HBAN,HUNTINGTON BANCSHARES INC,446150104,24069000.0,1686678,0.045721647506594486,2021-08-17,2021-06-30,0001608046-21-000006
HRL,HORMEL FOODS CORP,440452100,23710000.0,496541,0.045039688494800584,2021-08-17,2021-06-30,0001608046-21-000006
BKR,BAKER HUGHES COMPANY,05722G100,23655000.0,1034306,0.04493521009466503,2021-08-17,2021-06-30,0001608046-21-000006
FOXA,FOX CORP,35137L105,22665000.0,610410,0.04305459889222502,2021-08-17,2021-06-30,0001608046-21-000006
WYNN,WYNN RESORTS LTD,983134107,21912000.0,179166,0.0416241946140055,2021-08-17,2021-06-30,0001608046-21-000006
0J7Q,IAC INTERACTIVECORP NEW,44891N208,19960000.0,129465,0.03791616121283086,2021-08-17,2021-06-30,0001608046-21-000006
DISCKUSD,DISCOVERY INC,25470F302,14423000.0,497675,0.027398035730093164,2021-08-17,2021-06-30,0001608046-21-000006
PHM,PULTE GROUP INC,745867101,7911000.0,144966,0.015027793154043335,2021-08-17,2021-06-30,0001608046-21-000006
TEVA,TEVA PHARMACEUTICAL INDS LTD,881624209,7733000.0,781149,0.01468966305905917,2021-08-17,2021-06-30,0001608046-21-000006
GEN,NORTONLIFELOCK INC,668771108,7088000.0,260400,0.013464416366560377,2021-08-17,2021-06-30,0001608046-21-000006
WRKUSD,WESTROCK CO,96145D105,6941000.0,130417,0.013185174097107163,2021-08-17,2021-06-30,0001608046-21-000006
XPO,XPO LOGISTICS INC,983793100,6169000.0,44099,0.011718677280658996,2021-08-17,2021-06-30,0001608046-21-000006
WHR,WHIRLPOOL CORP,963320106,5858000.0,26867,0.011127899418074308,2021-08-17,2021-06-30,0001608046-21-000006
TXT,TEXTRON INC,883203101,4733000.0,68821,0.00899084123348339,2021-08-17,2021-06-30,0001608046-21-000006
FBIN,FORTUNE BRANDS HOME & SEC IN,34964C106,4400000.0,44170,0.008358272010844478,2021-08-17,2021-06-30,0001608046-21-000006
NLYEUR,ANNALY CAPITAL MANAGEMENT IN,035710409,4253000.0,478937,0.008079029741391264,2021-08-17,2021-06-30,0001608046-21-000006
JBHT,HUNT J B TRANS SVCS INC,445658107,3788000.0,23246,0.007195712358427019,2021-08-17,2021-06-30,0001608046-21-000006
FFIV,F5 NETWORKS INC,315616102,3259000.0,17462,0.0061908201098504895,2021-08-17,2021-06-30,0001608046-21-000006
MOH,MOLINA HEALTHCARE INC,60855R100,3247000.0,12831,0.006168024822548187,2021-08-17,2021-06-30,0001608046-21-000006
FNF,FIDELITY NATIONAL FINANCIAL,31620R303,3238000.0,74503,0.006150928357071459,2021-08-17,2021-06-30,0001608046-21-000006
XRAY,DENTSPLY SIRONA INC,24906P109,3159000.0,49936,0.006000859382331297,2021-08-17,2021-06-30,0001608046-21-000006
UHS,UNIVERSAL HLTH SVCS INC,913903100,2752000.0,18793,0.005227719221328183,2021-08-17,2021-06-30,0001608046-21-000006
CCK,CROWN HLDGS INC,228368106,2701000.0,26426,0.005130839250293394,2021-08-17,2021-06-30,0001608046-21-000006
AVLRUSD,AVALARA INC,05338G106,2462000.0,15216,0.004676833111522524,2021-08-17,2021-06-30,0001608046-21-000006
CHRW,C H ROBINSON WORLDWIDE INC,12541W209,2361000.0,25205,0.0044849727767281395,2021-08-17,2021-06-30,0001608046-21-000006
VMWEUR,VMWARE INC,928563402,2353000.0,14712,0.004469775918526604,2021-08-17,2021-06-30,0001608046-21-000006
LDOS,LEIDOS HOLDINGS INC,525327102,2282000.0,22574,0.004334903801987977,2021-08-17,2021-06-30,0001608046-21-000006
CNP,CENTERPOINT ENERGY INC,15189T107,2195000.0,89509,0.004169637969046279,2021-08-17,2021-06-30,0001608046-21-000006
ZS,ZSCALER INC,98980G102,1978000.0,9156,0.003757423190329631,2021-08-17,2021-06-30,0001608046-21-000006
POOL,POOL CORP,73278L105,1849000.0,4031,0.003512373851829873,2021-08-17,2021-06-30,0001608046-21-000006
ABMDEUR,ABIOMED INC,003654100,1801000.0,5770,0.00342119270262066,2021-08-17,2021-06-30,0001608046-21-000006
NDSN,NORDSON CORP,655663102,1620000.0,7380,0.003077363785810921,2021-08-17,2021-06-30,0001608046-21-000006
BUWA,BIO RAD LABS INC,090572207,1553000.0,2410,0.0029500900983730626,2021-08-17,2021-06-30,0001608046-21-000006
PKG,PACKAGING CORP AMER,695156109,1437000.0,10610,0.0027297356544507987,2021-08-17,2021-06-30,0001608046-21-000006
WPC,WP CAREY INC,92936U109,1112000.0,14907,0.0021123632900134225,2021-08-17,2021-06-30,0001608046-21-000006
FDS,FACTSET RESH SYS INC,303075105,1037000.0,3090,0.001969892744374028,2021-08-17,2021-06-30,0001608046-21-000006
WAB,WABTEC,929740108,994000.0,12083,0.0018882096315407753,2021-08-17,2021-06-30,0001608046-21-000006
HAS,HASBRO INC,418056107,970000.0,10265,0.0018426190569361689,2021-08-17,2021-06-30,0001608046-21-000006
MPW,MEDICAL PPTYS TRUST INC,58463J304,936000.0,46562,0.0017780324095796433,2021-08-17,2021-06-30,0001608046-21-000006
BAH,BOOZ ALLEN HAMILTON HLDG COR,099502106,900000.0,10562,0.001709646547672734,2021-08-17,2021-06-30,0001608046-21-000006
BKIEUR,BLACK KNIGHT INC,09215C105,896000.0,11489,0.0017020481185719663,2021-08-17,2021-06-30,0001608046-21-000006
MASI,MASIMO CORP,574795100,826000.0,3405,0.0015690756093085314,2021-08-17,2021-06-30,0001608046-21-000006
FICO,FAIR ISAAC CORP,303250104,799000.0,1589,0.0015177862128783496,2021-08-17,2021-06-30,0001608046-21-000006
BRO,BROWN & BROWN INC,115236101,575000.0,10820,0.001092274183235358,2021-08-17,2021-06-30,0001608046-21-000006
L,LOEWS CORP,540424108,566000.0,10355,0.0010751777177586306,2021-08-17,2021-06-30,0001608046-21-000006
EVRG,EVERGY INC,30034W106,558000.0,9241,0.0010599808595570953,2021-08-17,2021-06-30,0001608046-21-000006
LW,LAMB WESTON HLDGS INC,513272104,508000.0,6299,0.0009650004957974988,2021-08-17,2021-06-30,0001608046-21-000006
LUMN,LUMEN TECHNOLOGIES INC,550241103,59000.0,4316,0.00011207682923632368,2021-08-17,2021-06-30,0001608046-21-000006
NRG,NRG ENERGY INC,629377508,57000.0,1423,0.00010827761468593982,2021-08-17,2021-06-30,0001608046-21-000006
WU,WESTERN UN CO,959802109,40000.0,1742,7.598429100767707e-05,2021-08-17,2021-06-30,0001608046-21-000006
CPB,CAMPBELL SOUP CO,134429109,32000.0,709,6.0787432806141653e-05,2021-08-17,2021-06-30,0001608046-21-000006
LKQ1,LKQ CORP,501889208,25000.0,502,4.749018187979817e-05,2021-08-17,2021-06-30,0001608046-21-000006
HII,HUNTINGTON INGALLS INDS INC,446413106,22000.0,105,4.179136005422239e-05,2021-08-17,2021-06-30,0001608046-21-000006
SIRIEUR,SIRIUS XM HOLDINGS INC,82968B103,12000.0,1821,2.279528730230312e-05,2021-08-17,2021-06-30,0001608046-21-000006
CBOE,CBOE GLOBAL MKTS INC,12503M108,11000.0,94,2.0895680027111196e-05,2021-08-17,2021-06-30,0001608046-21-000006
JNP,JUNIPER NETWORKS INC,48203R104,11000.0,396,2.0895680027111196e-05,2021-08-17,2021-06-30,0001608046-21-000006
ELS,EQUITY LIFESTYLE PPTYS INC,29472R108,10000.0,140,1.8996072751919268e-05,2021-08-17,2021-06-30,0001608046-21-000006
LNT,ALLIANT ENERGY CORP,018802108,9000.0,165,1.7096465476727343e-05,2021-08-17,2021-06-30,0001608046-21-000006
NI,NISOURCE INC,65473P105,9000.0,369,1.7096465476727343e-05,2021-08-17,2021-06-30,0001608046-21-000006
JKHY,HENRY JACK & ASSOC INC,426281101,8000.0,48,1.5196858201535413e-05,2021-08-17,2021-06-30,0001608046-21-000006
RPM,RPM INTL INC,749685103,4000.0,49,7.598429100767707e-06,2021-08-17,2021-06-30,0001608046-21-000006
AWN,ADVANCE AUTO PARTS INC,00751Y106,2000.0,9,3.7992145503838533e-06,2021-08-17,2021-06-30,0001608046-21-000006
NBIX,NEUROCRINE BIOSCIENCES INC,64125C109,1000.0,10,1.8996072751919267e-06,2021-08-17,2021-06-30,0001608046-21-000006
WTRG,ESSENTIAL UTILS INC,29670G102,1000.0,25,1.8996072751919267e-06,2021-08-17,2021-06-30,0001608046-21-000006
ATO,ATMOS ENERGY CORP,049560105,1000.0,10,1.8996072751919267e-06,2021-08-17,2021-06-30,0001608046-21-000006
